,Date,Headline,Sentiment_label,Sentiment_score
2,02/07/2024,"Foldable Apple iPhone Could Be Coming: What Investors Should Know - Apple  ( NASDAQ:AAPL ) ,  ( SSNGY ) ",Somewhat-Bullish,0.189981
3,02/07/2024,"S&P 500 Flirts With 5,000 As Magnificent 7 Tops $13 Trillion, NYCB Sinks: What's Driving Markets Wednesday? - Apple  ( NASDAQ:AAPL ) ",Neutral,0.133468
7,02/07/2024,"Folding Apple iPhone, Sellers Finally Come In AI King NVIDIA As Sentiment Stays At Extreme - Apple  ( NASDAQ:AAPL ) ",Somewhat-Bullish,0.234976
11,02/07/2024,"Is Apple Vision Pro The Next iPhone? Analyst Gushes, But Flags Some Early Hurdles - Apple  ( NASDAQ:AAPL ) ",Somewhat-Bullish,0.270127
12,02/07/2024,"'Imagine Your Phone Is A Sandwich': OnePlus Chief Explains Why 7 Years Of Software Updates Is A Gimmick - Alphabet  ( NASDAQ:GOOG ) , Apple  ( NASDAQ:AAPL ) ",Neutral,0.102933
13,02/07/2024,"Walt Disney, Apple And More: CNBC's 'Final Trades' - Apple  ( NASDAQ:AAPL ) , Walt Disney  ( NYSE:DIS ) ",Somewhat-Bullish,0.292231
14,02/07/2024,"Hedge Fund Investors Pull $100B From Market As Stock Pickers Underperform - Apple  ( NASDAQ:AAPL ) , iShares U.S. Treasury Bond ETF  ( BATS:GOVT ) ",Neutral,-0.043142
15,02/07/2024,"Apple Is Playing It Cool In AI Race, But Top Fund Manager Says It May Be Priming To Lead Another 'Revolution' - Microsoft  ( NASDAQ:MSFT ) , Apple  ( NASDAQ:AAPL ) ",Somewhat-Bullish,0.282076
16,02/07/2024,Three Sentences That Saved Apple's Macintosh 1984 Launch And Underlined Steve Jobs' Leadership - Apple  ( NASDAQ:AAPL ) ,Neutral,0.115588
19,02/07/2024,"Key Apple Hire Departs Microsoft's AI And Mixed Reality Division, Report Says - Microsoft  ( NASDAQ:MSFT ) ",Somewhat-Bullish,0.201501
20,02/07/2024,Investors Should Stop Biting Into Apple Stock,Somewhat-Bullish,0.249277
25,02/07/2024,Apple iPhone 16's Rumored Camera Redesign May Boost Spatial Video Recording Capabilities For Vision Pro - Apple  ( NASDAQ:AAPL ) ,Somewhat-Bullish,0.221683
26,02/07/2024,World's largest chipmaker TSMC to build a second factory in Japan | Business,Somewhat-Bullish,0.174488
27,02/07/2024,Apple defeats Khosla-backed AliveCor lawsuit over its smartwatch tech,Neutral,0.038555
28,02/06/2024,"Tesla Investors Pledge Support For Elon Musk, His 25% Ownership Goal: Shareholder Letter Calls For Tesla To Surpass Apple, Saudi Aramco's $4.9-Trillion Combined Market Cap - Tesla  ( NASDAQ:TSLA ) ",Somewhat-Bullish,0.277083
29,02/06/2024,Midjourney Hires Apple Vision Pro Engineer To Lead Its Hardware Ambitions - Apple  ( NASDAQ:AAPL ) ,Somewhat-Bullish,0.308728
30,02/06/2024,Breaking Barriers: Berkshire Hathaway's Thrilling Race To $1 Trillion Valuation - Will It Surpass The Elusive $400 Price Level? - Microsoft  ( NASDAQ:MSFT ) ,Bullish,0.383999
31,02/06/2024,Best Inverse/Leveraged ETFs of Last Week,Neutral,0.130795
32,02/06/2024,"GM's Cruise, AV Industry Under Scrutiny In California As Driverless Vehicle Reps Attend Hearing - Apple  ( NASDAQ:AAPL ) , Aptiv  ( NYSE:APTV ) ",Neutral,-0.118417
33,02/06/2024,"Stocks In China Flying, Lifting Sentiment In Stock Markets Across The Globe, AI And Weight Loss Drugs Get Hotter - NVIDIA  ( NASDAQ:NVDA ) ",Somewhat-Bullish,0.22034
34,02/06/2024,"Apple, Alphabet, Fiverr International, And A Global Payments Processor: CNBC's 'Final Trades' - Fiverr Intl  ( NYSE:FVRR ) , Apple  ( NASDAQ:AAPL ) ",Somewhat-Bullish,0.21299
35,02/06/2024,Stock Market Mixed With Dow Jones Pulling Ahead; Palantir Soars After Earnings,Neutral,0.09589
36,02/06/2024,"Asia Pacific Electrical Appliances Market to Hit USD 589.9 billion by 2031, Growing at 7% CAGR: Transparency Market Research, Inc.",Bullish,0.442093
37,02/06/2024,Stocks: Uncertainty Following Last Week's Rally,Neutral,0.116795
38,02/06/2024,"Apple Vision Pro Is A Scratch Magnet, But It's The Repair Costs That Should Worry You - Apple  ( NASDAQ:AAPL ) ",Somewhat-Bullish,0.299565
39,02/06/2024,"""Stolen Dough"" Premieres on Apple TV, Featuring The Exclusive Director's Cut, Unveiling The True Story of Stuffed Crust Pizza's Real Inventor",Somewhat-Bullish,0.154037
40,02/06/2024,Futures Dip; Palantir Soars On Surging AI Demand,Somewhat-Bullish,0.205444
41,02/06/2024,Alibaba's DingTalk Launches 3D Messaging App for Apple's Vision Pro Headset - Alibaba Gr Holding  ( NYSE:BABA ) ,Bullish,0.397312
42,02/06/2024,3 John Hancock Mutual Funds for Impressive Returns,Somewhat-Bullish,0.298499
43,02/06/2024,Apple's Best Days Are Behind It,Neutral,-0.046581
44,02/06/2024,"Arm Holdings Expected To Report Strong Earnings On Back Of Android Demand, While Apple Supplier Faces Risks Amid China Slowdown - Apple  ( NASDAQ:AAPL ) , ARM Holdings  ( NASDAQ:ARM ) ",Somewhat-Bullish,0.171391
45,02/06/2024,Don't Get Locked Out Of Your Apple Vision Pro-It May Need A Store Visit To Work Again - Apple  ( NASDAQ:AAPL ) ,Somewhat-Bullish,0.218202
46,02/06/2024,Is iShares Core S&P U.S. Growth ETF  ( IUSG )  a Strong ETF Right Now?,Somewhat-Bullish,0.326533
47,02/06/2024,"The new Porsche Macan EV: Here's how fast it can go, and more",Neutral,0.133896
48,02/06/2024,5 things to love about the new Mazda CX-70,Neutral,0.137468
49,02/06/2024,Best Stock to Buy Right Now: Apple vs. Amazon,Somewhat-Bullish,0.257395
50,02/06/2024,Former Apple CEO John Sculley Compares Apple Vision Pro To iPhone: 'What Tim Cook And His Team Have Done Is More Than Extraordinary' - Apple  ( NASDAQ:AAPL ) ,Bullish,0.47399
51,02/06/2024,"Cathie Wood's Ark Invest Predicts End Of Smartphone Duopoly: Meta, Rabbit R1, And Others Vie For Post-Phone Supremacy - Apple  ( NASDAQ:AAPL ) , Intel  ( NASDAQ:INTC ) ",Somewhat-Bullish,0.226308
52,02/06/2024,Tesla Cybertruck User Driving With Apple's VR Headset Prompts Warning From Pete Buttigieg - Tesla  ( NASDAQ:TSLA ) ,Somewhat-Bullish,0.252241
53,02/06/2024,"Rivian Confirms R2 EV Launch Date, Will Unveil Second-Generation Platform In March - Rivian Automotive  ( NASDAQ:RIVN ) ",Neutral,0.053745
54,02/05/2024,India ETFs Are Booming; Here's Why,Somewhat-Bullish,0.240288
55,02/05/2024,Futures: AI Stock Soars On Earnings Late,Somewhat-Bullish,0.183023
56,02/05/2024,"Magnificent 7 Eye $13-Trillion Market Cap: 'They Are Sucking All The Air Out Of The Universe,' Wall Street Veteran Says - Apple  ( NASDAQ:AAPL ) , Amazon.com  ( NASDAQ:AMZN ) ",Somewhat-Bullish,0.208795
57,02/05/2024,Time to Buy Apple or Amazon Stock After Earnings?,Somewhat-Bullish,0.229881
58,02/05/2024,"Apple Vision Pro Wows Consumers, But High Price To Limit Demand",Somewhat-Bullish,0.319352
59,02/05/2024,"Apple's Latest Marvel, Vision Pro, Receives Analyst Thumbs Up for Earnings Impact - Alphabet  ( NASDAQ:GOOG ) , Apple  ( NASDAQ:AAPL ) ",Somewhat-Bullish,0.324224
60,02/05/2024,Apple Vision Pro Predicted By 'The Simpsons'? Here's The Episode Highlighting VR Headsets,Somewhat-Bullish,0.247475
61,02/05/2024,"Apple Vision Pro Predicted By 'The Simpsons'? Here's The Episode Highlighting VR Headsets - Apple  ( NASDAQ:AAPL ) , Fox  ( NASDAQ:FOX ) ",Somewhat-Bullish,0.249741
62,02/05/2024,The stock market's 'bad breadth' is making even stalwart bulls nervous,Neutral,0.088031
63,02/05/2024,U.S. stocks 'finally' outpace cash-like Treasury bills in Fed rate cycle as Big Tech jumps,Neutral,0.05286
64,02/05/2024,Powell Reacts To Political Pressure On Interest Rates - Momo Gurus Wrong Again - iShares 20+ Year Treasury Bond ETF  ( NASDAQ:TLT ) ,Somewhat-Bullish,0.230191
65,02/05/2024,Tech ETFs Riding the Wave of Strong Earnings,Somewhat-Bullish,0.253842
66,02/05/2024,Is Meta now a value stock?,Somewhat-Bullish,0.198509
67,02/05/2024,Dow Jones Dives After Powell Says This On Rates; Cathie Wood Loads Up On Stock Amid 41% Plunge,Somewhat-Bullish,0.172279
68,02/05/2024,"Samsung's Jay Y. Lee's Court Win Fuels Company's Ambitions, Sharpens Nvidia Rivalry - Samsung Electronics Co  ( OTC:SSNLF ) ",Neutral,-0.044454
69,02/05/2024,A Super Bowl only shown on a streaming service?!? 'That's where this is all headed',Neutral,0.141056
70,02/05/2024,Where Will Apple Stock Be in 3 Years?,Somewhat-Bullish,0.303097
71,02/05/2024,"USHER's Road to Halftime on Apple Music lets fans listen, watch, dance, and sing their way to Super Bowl LVIII",Bullish,0.372132
72,02/05/2024,Disney  ( DIS )  to Report Q1 Earnings: What's in the Cards?,Neutral,0.102803
73,02/05/2024,"Meta's Ad Business Continues To Rebound, Its Metaverse Efforts Continue to Advance But Its Moral Integrity Remains Questionable - Microsoft  ( NASDAQ:MSFT ) ",Neutral,0.105678
74,02/05/2024,"S&P 500 Nearing 5,000, Yet Signs of Caution Loom",Neutral,0.057488
75,02/05/2024,"Hello Darkness, My Old Friend - Is Earnings Season Over Already?",Neutral,0.060438
76,02/05/2024,"Company News for Feb 5, 2024",Neutral,0.090809
77,02/05/2024,Here is What to Know Beyond Why Apple Inc.  ( AAPL )  is a Trending Stock,Somewhat-Bullish,0.237391
78,02/05/2024,Is Apple Vision Pro Durable? New Test Reveals If The $3500 Headset Can Withstand Bumps And Drops - Apple  ( NASDAQ:AAPL ) ,Somewhat-Bullish,0.169629
79,02/05/2024,"Web Real Time Communication (webRTC) Market to grow by USD 66.58 billion from 2022-2027, Increasing adoption ... - PR Newswire",Somewhat-Bullish,0.219344
80,02/05/2024,1 Trillion-Dollar Warren Buffett Stock to Buy Hand Over Fist and 1 to Avoid for Now,Somewhat-Bullish,0.314105
81,02/05/2024,5 Top-Performing ETFs of Last Week,Neutral,0.133295
82,02/05/2024,"Will Jerome Powell Spoil Wall Street's Party? US Stock Futures Slip As Fed Chief Maintains Hawkish Tone Ahead Of More Earnings - Invesco QQQ Trust, Series 1  ( NASDAQ:QQQ ) , SPDR S&P 500  ( ARCA:SPY ) ",Neutral,-0.030873
83,02/05/2024,"Warren Buffett Has Bought More of This Stock Than Any Other Over the Last 5 Years -- No, It's Not Apple",Somewhat-Bullish,0.271697
84,02/05/2024,Apple's Phil Schiller Warns Of Privacy Threats From New EU App Stores: 'There's No Getting Around That' - Meta Platforms  ( NASDAQ:META ) ,Neutral,-0.007137
85,02/05/2024,"Fate of the Mag 7 depends on their ability to deliver rapid revenue growth in 2024, says Goldman Sachs",Somewhat-Bullish,0.166282
86,02/05/2024,"Zacks Investment Ideas feature highlights: Microsoft, Alphabet, Amazon, Apple and Meta Platforms",Somewhat-Bullish,0.286675
87,02/05/2024,"Microsoft, Meta Platforms, Amazon, Apple, Alphabet, Tesla and Nvidia are part of Zacks Earnings Preview",Neutral,0.084763
88,02/05/2024,Best Apple Vision Pro Uses And Concepts: From F1 To TikToks And More - Apple  ( NASDAQ:AAPL ) ,Bullish,0.401838
89,02/05/2024,Warren Buffett's Berkshire Hathaway Is Closing In on History,Somewhat-Bullish,0.196152
90,02/05/2024,"Investor Optimism Improves Following Tech Earnings, Jobs Data; S&P 500 Gains For 4th Week - Apple  ( NASDAQ:AAPL ) , Amazon.com  ( NASDAQ:AMZN ) ",Neutral,0.058123
91,02/05/2024,Apple Hailed As 'Table-Pounder' Tech Stock To Own By Top Analyst Who Calls Vision Pro 'Potential Game Changer' - Apple  ( NASDAQ:AAPL ) ,Bullish,0.390886
92,02/05/2024,"Vision Pro's Future Version May Replace The iPad, Says Mark Gurman: 'Many People Buy Apple's Tablets Just For…' - Apple  ( NASDAQ:AAPL ) ",Bullish,0.359646
93,02/04/2024,"After Skyrocketing 615%, Why Does Warren Buffett Still Own Apple Stock?",Somewhat-Bullish,0.238526
94,02/04/2024,Stock investors fear 'no-landing' economy could spell trouble. What's next?.,Neutral,0.016988
95,02/04/2024,Futures: Five Stocks In Buy Areas,Neutral,0.065161
96,02/04/2024,Fourth-quarter earnings are near halfway done. Results have gotten better.,Neutral,-0.070837
97,02/04/2024,"If You Invested $1000 In Apple When Steve Jobs Returned To Apple 28 Years Ago, Here's How Much You'd Have - Apple  ( NASDAQ:AAPL ) ",Somewhat-Bullish,0.204162
98,02/04/2024,Follow The Billionaire Trail: Unveiling The Stocks Shared By Bill Gates And Other Tycoons - Microsoft  ( NASDAQ:MSFT ) ,Somewhat-Bullish,0.264622
99,02/04/2024,Futures: 5 Stocks In Buy Areas As Rally Powers Higher,Neutral,0.100894
100,02/04/2024,Algoriddim stellt das neue djay für Apple Vision Pro vor und startet die nahtlose Integration mit Apple Music - PR Newswire,Neutral,-0.088102
101,02/04/2024,3 Top Metaverse Stocks to Buy Now,Somewhat-Bullish,0.329233
102,02/04/2024,"Earnings, Jobs, And The Magnificent 7 Soar",Somewhat-Bullish,0.198921
103,02/03/2024,"Bay Area's Exodus Ebb: Homebuyers Return As Offices Call Them Back, Post-Pandemic Normalcy Returns",Neutral,0.096788
104,02/03/2024,"Barron's Weekend Stock Picks: GE, Meta And Turmoil At Tesla - Apple  ( NASDAQ:AAPL ) , iShares ESG Aware MSCI USA ETF  ( NASDAQ:ESGU ) ",Neutral,-0.007359
105,02/03/2024,Could Apple Acquire Peloton in 2024? 2 Things Investors Should Know About the Rumors,Somewhat-Bullish,0.292903
106,02/03/2024,"Microsoft, Tesla, Netflix, and More: Big Names in the Market Worth Talking About",Neutral,0.120659
107,02/03/2024,How To Get An 11% Monthly Dividend From AI's Explosive Growth,Somewhat-Bullish,0.325828
108,02/03/2024,"Benzinga Bulls And Bears: Meta, Tesla, AMD And Crypto Analyst Predicts That 'DOGE Is Gonna Pop'",Somewhat-Bullish,0.232615
109,02/03/2024,"From Meta, Microsoft And Other Tech Titans Uniting Against Apple To Elon Musk Mocking Vision Pro: Your Weekend Appleverse Recap - Meta Platforms  ( NASDAQ:META ) , Apple  ( NASDAQ:AAPL ) ",Neutral,0.079646
110,02/03/2024,"Meta, Tesla, AMD And Crypto Analyst Predicts That 'DOGE is Gonna Pop': Bulls And Bears - Apple  ( NASDAQ:AAPL ) ",Somewhat-Bullish,0.267199
111,02/03/2024,"Tesla Buying AMD Chips To Nadella Sounding The Alarm On AI-Generated Deepfakes: This Week In AI - Apple  ( NASDAQ:AAPL ) , Advanced Micro Devices  ( NASDAQ:AMD ) ",Somewhat-Bullish,0.212645
112,02/03/2024,"1 Unstoppable Growth ETF to Turn $100 Per Month Into $518,000 While Barely Lifting a Finger",Somewhat-Bullish,0.258697
113,02/03/2024,"Tim Cook's AI Efforts Have Wedbush's Dan Ives Excited: 'We View Apple Like Meta 18 Months Ago' - Alphabet  ( NASDAQ:GOOG ) , Apple  ( NASDAQ:AAPL ) ",Somewhat-Bullish,0.227474
114,02/03/2024,"Prediction: Bitcoin Will Reach $100,000 in 2025",Somewhat-Bullish,0.314618
115,02/03/2024,"Why JD.com, PDD Holdings, and Baidu Stocks All Fell Double Digits in January",Neutral,0.017098
116,02/03/2024,"Mark Zuckerberg 'Just Getting Started,' Says Ives. Munster Says 'Not Too Late' To Buy Meta - Meta Platforms  ( NASDAQ:META ) , Apple  ( NASDAQ:AAPL ) ",Somewhat-Bullish,0.273829
117,02/03/2024,Magnificent 7 Earnings Results Solidify Market Leadership,Neutral,0.131017
118,02/02/2024,Meta  ( META )  Beats Earnings Estimates and Announces First Ever Dividend is it Time to Buy?,Somewhat-Bullish,0.273524
119,02/02/2024,S&P 500 Hits High In Stock Picker's Market; Five New Buys,Neutral,0.098442
120,02/02/2024,Stock Market Today: Stocks Swing Higher on Meta Earnings Excitement,Somewhat-Bullish,0.248998
121,02/02/2024,Big Tech Crushes Earnings: Which One Should You Buy?,Somewhat-Bullish,0.293409
122,02/02/2024,Algoriddim presenta el nuevo djay para Apple Vision Pro - PR Newswire,Neutral,0.11221
123,02/02/2024,Amazon on track to be worth more than Alphabet for the first time in 16 months,Somewhat-Bullish,0.160972
124,02/02/2024,Nasdaq Rallies On Tech Earnings; Meta Explodes To New Highs,Somewhat-Bullish,0.203452
125,02/02/2024,Magnificent Seven bond spreads widened this week in a sign of fatigue,Neutral,0.0335
126,02/02/2024,"Stocks Handle Huge Earnings, Fed, Jobs Report: Weekly Review",Neutral,0.029434
127,02/02/2024,"Nasdaq Rises Over 200 Points; Apple Posts Upbeat Earnings - Cingulate  ( NASDAQ:CING ) , Apple  ( NASDAQ:AAPL ) ",Somewhat-Bullish,0.240517
128,02/02/2024,Apple Returns to Revenue Growth: 5 ETFs in Focus,Somewhat-Bullish,0.17853
129,02/02/2024,"Apple's  ( AAPL )  Q1 Earnings Beat Estimates, Revenues Up Y/Y",Neutral,0.071144
130,02/02/2024,"6 Apple Analysts Size Up Q1 Results, iPhone Sales: 'Major Step In The Right Direction,' 'Some Good And Bad News' - Apple  ( NASDAQ:AAPL ) ",Neutral,0.098303
131,02/02/2024,"Stock Market Today: Nasdaq Drops Then Pops After Strong Jobs Report; Big Winners Include Meta, Amazon, Deckers",Neutral,0.144623
132,02/02/2024,"Algoriddim Introduces All-New djay for Apple Vision Pro, launches seamless integration with Apple Music",Bullish,0.354138
133,02/02/2024,"Algoriddim Introduces All-New djay for Apple Vision Pro, launches seamless integration with Apple Music USA ... - PR Newswire",Bullish,0.417914
134,02/02/2024,"PETA Casts Shadow Over Groundhog Day, Wants This Method Used Instead - SPDR S&P 500  ( ARCA:SPY ) ",Neutral,0.032694
135,02/02/2024,Here's Our Take on Apple's Results and Our Strategy for the Stock,Neutral,0.13008
136,02/02/2024,"Apple Forecasts Weak March-Quarter Sales, Launches Vision Pro",Somewhat-Bullish,0.188923
137,02/02/2024,eHealth Software and Services Market Projected USD 138.38 Billion Growth between 2024 and 2028: Market to focus ... - PR Newswire,Somewhat-Bullish,0.337709
138,02/02/2024,Apple just did something unusual. Can it help the stock amid growth woes?,Neutral,0.118542
139,02/02/2024,"Why Meta Shares Are Trading Higher By Over 16%; Here Are 20 Stocks Moving Premarket - Apple  ( NASDAQ:AAPL ) , AgriFORCE Growing Systems  ( NASDAQ:AGRI ) ",Somewhat-Bullish,0.209192
140,02/02/2024,Tech Futures Jump Ahead Of Jobs Report,Neutral,0.139324
141,02/02/2024,"Despite Tim Cook's '99% Satisfaction' Boast, Survey Reveals Customers Least Happy With This iPhone 15 Model - Apple  ( NASDAQ:AAPL ) ",Neutral,0.068397
142,02/02/2024,Why Is Apple Stock Sliding Nearly 3% Premarket Amid Tech Surge? - Apple  ( NASDAQ:AAPL ) ,Neutral,0.111467
143,02/02/2024,AI fever fuels 'big market delusion' that could leave investors holding the bag,Somewhat-Bullish,0.205754
144,02/02/2024,"Nasdaq Futures Climb As Meta, Amazon Gains Offset Apple Slide: Analyst Points to 2 Factors Reinforcing Bullish Outlook This Year - Invesco QQQ Trust, Series 1  ( NASDAQ:QQQ ) , SPDR S&P 500  ( ARCA:SPY ) ",Neutral,0.139355
145,02/02/2024,Is it a bubble? Magnificent 7 market cap equals the GDP of 11 major cities,Somewhat-Bullish,0.174542
146,02/02/2024,"Asia Market Mixed While Europe Climbs; Crude Oil Dips Below $75, Gold Above $2,070 - Global Markets Today While US Was Sleeping - Apple  ( NASDAQ:AAPL ) , SmartETFs Asia Pacific Dividend Builder ETF  ( ARCA:ADIV ) ",Neutral,0.143129
147,02/02/2024,"Tim Cook Claims Apple Has 'Majored In Security,' But It Will 'Fall Short' On Maximizing It Due To EU's App Store Regulations - Meta Platforms  ( NASDAQ:META ) , Apple  ( NASDAQ:AAPL ) ",Neutral,0.030806
148,02/02/2024,The best trades of the last 50 years show what investors should do now,Neutral,0.124703
149,02/02/2024,Don't Invest in Rivian If You Can't Answer These 3 Questions,Somewhat-Bullish,0.205464
150,02/02/2024,"Apple Faces Backlash As Zuckerberg, Microsoft, Spotify And Epic Games Unite Against EU App Store Proposal - Meta Platforms  ( NASDAQ:META ) , Apple  ( NASDAQ:AAPL ) ",Neutral,-0.1454
151,02/02/2024,"Warren Buffett Owns This Artificial Intelligence  ( AI )  Stock, but Should You?",Somewhat-Bullish,0.253884
152,02/02/2024,Here's How Much Apple Stock Gained in Each Year Since the iPhone Launched in 2007,Somewhat-Bullish,0.210446
153,02/02/2024,"Apple Reports Q1 Results, Joins Skechers, Atlassian And Other Big Stocks Moving Lower In Friday's Pre-Market Session - Apple  ( NASDAQ:AAPL ) , Eve Holding  ( NYSE:EVEX ) ",Neutral,0.004979
154,02/02/2024,"Elon Musk Shades Tim Cook, Says Apple Vision Pro Is Not A 'Moon Shot:' 'Impossible To Look Good' - Apple  ( NASDAQ:AAPL ) , Amazon.com  ( NASDAQ:AMZN ) ",Somewhat-Bullish,0.223878
155,02/02/2024,"iPhone Fever In India: Apple Records Impressive 2% Growth, Sets New Revenue Record In Dec Quarter - Apple  ( NASDAQ:AAPL ) ",Bullish,0.388523
156,02/02/2024,"Investor Optimism Improves Following Earnings, Economic Reports; Dow Jumps Over 350 Points - Apple  ( NASDAQ:AAPL ) , Amazon.com  ( NASDAQ:AMZN ) ",Neutral,-0.057962
157,02/02/2024,"Amazon, Apple And 3 Stocks To Watch Heading Into Friday - Apple  ( NASDAQ:AAPL ) , Amazon.com  ( NASDAQ:AMZN ) ",Somewhat-Bullish,0.258083
158,02/02/2024,"Global Slump? Not For iPhone 15: Apple CEO Tim Cook Celebrates Record-Breaking Sales And ""99%"" Customer Satisfaction - Apple  ( NASDAQ:AAPL ) ",Somewhat-Bullish,0.196807
159,02/02/2024,"Meta Breaks The Mold: Time For Tesla, Amazon And Alphabet To Join The 'Magnificent Seven' Dividend Party? - Meta Platforms  ( NASDAQ:META ) , Tesla  ( NASDAQ:TSLA ) ",Somewhat-Bullish,0.269604
160,02/02/2024,"Jim Cramer Expresses Concern Over Apple's Performance In China: 'Enough, It's Terrible There' - Apple  ( NASDAQ:AAPL ) ",Neutral,-0.043944
161,02/02/2024,"AAPL, META, AMZN, TEAM, TSLA: Top 5 Trending Stocks Today - Apple  ( NASDAQ:AAPL ) , Amazon.com  ( NASDAQ:AMZN ) ",Neutral,0.134257
162,02/02/2024,Apple CEO Tim Cook Defends Vision Pro's High Price A Day Before Lunch: 'Incredible Amount Of Technology That's Packed Into The Product' - Apple  ( NASDAQ:AAPL ) ,Somewhat-Bullish,0.298068
163,02/02/2024,The two key updates in Apple's earnings that sellers of the stock are overlooking,Neutral,0.059196
164,02/02/2024,"Tim Cook Opens Up On Apple Watch Ban, Licensing Masimo' Tech: 'We're Focused On Appeal' - Masimo  ( NASDAQ:MASI ) ",Neutral,-0.057536
165,02/02/2024,"Tim Cook Mentions AI For First Time In Prepared Remarks On Earnings Call, Munster Says 'Welcome Apple To Generative AI Steamroller' - Alphabet  ( NASDAQ:GOOG ) , Apple  ( NASDAQ:AAPL ) ",Somewhat-Bullish,0.275175
166,02/02/2024,"Wall Street ends higher; earnings, jobs report in focus",Neutral,0.125496
167,02/02/2024,What's Going On With Meta and Apple Shares?,Somewhat-Bullish,0.281091
168,02/01/2024,"Global Immersive Entertainment Market Size, Share & Trends Analysis Report, Featuring Meta, HTC, Barco, Magic Leap, Samsung Electronics, Apple, Sony & Qualcomm Unity Software",Somewhat-Bullish,0.338583
169,02/01/2024,Meta stuns Wall Street with its first dividend. Amazon and Alphabet may be next.,Somewhat-Bullish,0.2263
170,02/01/2024,"Strong Session; After Hours Earnings from AAPL, AMZN, META & More",Somewhat-Bullish,0.229357
171,02/01/2024,Apple  ( AAPL )  Q1 Earnings and Revenues Surpass Estimates,Somewhat-Bullish,0.157279
172,02/01/2024,"Apple Q1 Earnings Beat Estimates As Cupertino Snaps 4-Quarter Revenue Decline Streak; Stock Slides On China Weakness - Microsoft  ( NASDAQ:MSFT ) , Apple  ( NASDAQ:AAPL ) ",Somewhat-Bullish,0.177098
173,02/01/2024,"Apple Tops December-Quarter Views, But China Sales Slide Worries Investors",Neutral,0.070671
174,02/01/2024,Top Stocks to Buy After Earnings in a Week Highlighted by Tech,Bullish,0.472991
175,02/01/2024,Two Titans Signal Strong End To Huge Week Of Earnings,Neutral,0.108941
176,02/01/2024,Stocks Rebound Ahead of January Jobs Report,Neutral,0.065695
177,02/01/2024,"What Are The Magnificent 7 Stocks? Why Do They Dominate The Market? - Apple  ( NASDAQ:AAPL ) , Amazon.com  ( NASDAQ:AMZN ) ",Somewhat-Bullish,0.337129
178,02/01/2024,"Apple Vision Pro Is 'Mind-Blowing,' Says CEO Tim Cook: 'We Live In A 3D World, But The Content That We Enjoy Is Flat' - Apple  ( NASDAQ:AAPL ) , Walt Disney  ( NYSE:DIS ) ",Bullish,0.365103
179,02/01/2024,Earnings Preview: What To Expect From Apple's Results,Somewhat-Bullish,0.224811
180,02/01/2024,"Fidelity Raises X Valuation: Here's How Much It's Fallen Since Elon Musk Bought It - Meta Platforms  ( NASDAQ:META ) , Snap  ( NYSE:SNAP ) ",Somewhat-Bullish,0.274689
181,02/01/2024,Can Elon Musk do 'whatever he wants'? Why moving Tesla out of Delaware may spook investors.,Neutral,0.087772
182,02/01/2024,Apple earnings: Don't focus on iPhone sales. Instead watch this metric.,Neutral,0.069416
183,02/01/2024,Dwayne 'The Rock' Johnson Is Expected To Become A Billionaire From His Tequila Brand Valued At Around $3.5 Billion,Somewhat-Bullish,0.320828
184,02/01/2024,Apple Appears Poised for an Earnings Suprise: ETFs in Focus,Somewhat-Bullish,0.273648
185,02/01/2024,Why you can count on the Dow making changes in February,Neutral,0.021159
186,02/01/2024,Qualcomm Beat Q1 Expectations: Why One Analyst Flags Huawei As A 'Key Risk Factor' - Qualcomm  ( NASDAQ:QCOM ) ,Somewhat-Bullish,0.162449
187,02/01/2024,"Unlike Alphabet That Seems Locked In The AI Battle, Microsoft Shined With Its Quarterly Results - Alphabet  ( NASDAQ:GOOG ) ",Somewhat-Bullish,0.229613
188,02/01/2024,"Market Clubhouse Morning Memo - February 1st, 2024  ( Trade Strategy For SPY, QQQ, AAPL, MSFT, NVDA, GOOGL, META, And TSLA )  - Invesco QQQ Trust, Series 1  ( NASDAQ:QQQ ) ",Somewhat-Bullish,0.15283
189,02/01/2024,"Dow Jones Rallies 370 Points As Meta, Amazon Soar On Earnings; Cathie Wood Buys More Tesla",Neutral,0.136444
190,02/01/2024,"Stocks: Sell Off After Fed, What's Next?",Neutral,-0.031187
191,02/01/2024,Mother Of All Reports Will Determine Stock Market Direction - Apple  ( NASDAQ:AAPL ) ,Somewhat-Bullish,0.168659
192,02/01/2024,"2 Massive Growth Stocks That Turned $5,000 Into More Than $1 Million in 20 Years",Somewhat-Bullish,0.286072
193,02/01/2024,Jobless Claims Increased More Than Expected,Neutral,0.1493
194,02/01/2024,"Jobless Claims & Productivity Leap Higher; CAH, IP, HON Report",Neutral,0.144569
195,02/01/2024,"The Zacks Analyst Blog Highlights ADP, Qualcomm, Apple, Amazon and Meta Platforms",Neutral,0.113131
196,02/01/2024,Futures Rebound Ahead Of Jobless Claims,Neutral,0.12074
197,02/01/2024,"Stock Market News for Feb 1, 2024",Neutral,-0.103902
198,02/01/2024,"Zacks Earnings Trends Highlights: Microsoft, Alphabet, Tesla, Amazon, Meta and Apple",Neutral,0.082118
199,02/01/2024,Apple Vision Pro: Game-Changing Device Or Pricey Misfire?,Somewhat-Bullish,0.266058
200,02/01/2024,"Apple Says Goodbye To An Icon: 2012 MacBook Pro Is Now 'Obsolete,' Marking The End Of Disc Drives - Apple  ( NASDAQ:AAPL ) ",Somewhat-Bullish,0.175
201,02/01/2024,Revenge Of The 'Lightning:' Apple Vision Pro Shows The 11-Year-Old Cable Has Somehow Returned - Apple  ( NASDAQ:AAPL ) ,Somewhat-Bullish,0.233965
202,02/01/2024,Time for Value ETFs as March Rate Cut Unlikely?,Neutral,0.115099
203,02/01/2024,Futures Rise After Powell Sell-Off; This Solar Play Surges,Neutral,-0.039117
204,02/01/2024,"Nasdaq Futures Rebound As Traders Eye Apple, Meta, Amazon Earnings: Analyst Flags 'January Barometer' That Bodes Well For The Year - Invesco QQQ Trust, Series 1  ( NASDAQ:QQQ ) , SPDR S&P 500  ( ARCA:SPY ) ",Neutral,0.009635
205,02/01/2024,3 Growth Mutual Funds to Buy on Fed's Unchanged Interest Rates,Somewhat-Bullish,0.217566
206,02/01/2024,Max is back on top: Here's what's worth streaming in February 2024,Neutral,0.104129
207,02/01/2024,"Apple's $3,500 Vision Pro Headset Worth The Hype? Tech YouTuber MKBHD Weighs In - Meta Platforms  ( NASDAQ:META ) ",Somewhat-Bullish,0.29921
208,02/01/2024,This fund is shorting Apple - and just bet against another popular AI stock,Neutral,-0.021664
209,02/01/2024,"Meta Faces Criticism For Copyright Double Standards: Protects Own AI Model, Opposes Same For Others - Alphabet  ( NASDAQ:GOOG ) , Apple  ( NASDAQ:AAPL ) ",Somewhat-Bearish,-0.154274
210,02/01/2024,Should You Invest in the Fidelity MSCI Information Technology Index ETF  ( FTEC ) ?,Somewhat-Bullish,0.196215
211,02/01/2024,Should WisdomTree U.S. LargeCap Dividend ETF  ( DLN )  Be on Your Investing Radar?,Somewhat-Bullish,0.189811
212,02/01/2024,"What To Expect From Apple's 1 Earnings Report - Invesco QQQ Trust, Series 1  ( NASDAQ:QQQ ) , Apple  ( NASDAQ:AAPL ) ",Neutral,0.128645
213,02/01/2024,"Journalists, lawyers and activists hacked with Pegasus spyware in Jordan, forensic probe finds",Somewhat-Bearish,-0.214333
214,02/01/2024,"S&P 500 futures bounce after two-day sell-off as Apple, Amazon and Meta earnings loom",Neutral,-0.059907
215,02/01/2024,"Qualcomm Extends Its Deals With Apple And Samsung: Analyst Calls It A 'Not Surprising Development' - Apple  ( NASDAQ:AAPL ) , Qualcomm  ( NASDAQ:QCOM ) ",Somewhat-Bullish,0.193057
216,02/01/2024,"Investor Sentiment Falls Sharply Following Fed's Rate Decision; Dow Dips Over 300 Points - Apple  ( NASDAQ:AAPL ) , Amazon.com  ( NASDAQ:AMZN ) ",Somewhat-Bearish,-0.240861
217,02/01/2024,"Apple, Honeywell International And 3 Stocks To Watch Heading Into Thursday - Apple  ( NASDAQ:AAPL ) , Amazon.com  ( NASDAQ:AMZN ) ",Somewhat-Bullish,0.173817
218,02/01/2024,"Apple Vision Pro Targets Professionals With Microsoft 365 Suite - Skips Netflix, YouTube, Spotify - Alphabet  ( NASDAQ:GOOG ) , Apple  ( NASDAQ:AAPL ) ",Somewhat-Bullish,0.340342
219,02/01/2024,"This New ETF Allows Investment In Apple, Microsoft And Other 'Magnificent 7' Stocks - Apple  ( NASDAQ:AAPL ) , Amazon.com  ( NASDAQ:AMZN ) ",Bullish,0.401278
220,02/01/2024,Q4 Earnings: Tech Flexes Strong Growth,Neutral,0.096243
221,02/01/2024,Q4 Earnings: Tech Flexes Strong Growth,Neutral,0.096243
222,01/31/2024,"Powell Dubious on March Cut, Markets Slide",Neutral,0.11791
223,01/31/2024,What To Do After Powell-Led Market Sell-Off,Neutral,-0.041559
224,01/31/2024,Qualcomm Stock Rises As Smartphone Chip Leader Returns To Growth,Neutral,0.035151
225,01/31/2024,Apple earnings are on tap. Can the iPhone maker snap an ugly streak?,Neutral,0.128918
226,01/31/2024,This Week's Must-See Earnings Charts,Somewhat-Bullish,0.198263
227,01/31/2024,"'Magnificent 7' Tumble As $300B Vanishes On Bleak AI Earnings: Could The Fed Make Things Worse? - Apple  ( NASDAQ:AAPL ) , Advanced Micro Devices  ( NASDAQ:AMD ) ",Neutral,0.102532
228,01/31/2024,A Massive Problem With Apple Stock Today,Neutral,-0.081328
229,01/31/2024,"AI Hype Meeting Reality, Fed Under Political Pressure To Cut Rates Quickly - Microsoft  ( NASDAQ:MSFT ) ",Somewhat-Bullish,0.214305
230,01/31/2024,"Market Clubhouse Morning Memo - January 31st, 2024  ( Trade Strategy For SPY, QQQ, AAPL, MSFT, NVDA, GOOGL, META, And TSLA )  - Invesco QQQ Trust, Series 1  ( NASDAQ:QQQ ) ",Neutral,0.147566
231,01/31/2024,Stocks Mixed To Start Day; Google Sinks After Earnings,Neutral,0.106669
232,01/31/2024,"Warren Buffett-Led Berkshire Hathaway's $371 Billion Portfolio Owns 51 Stocks, but Over 80% Is Invested in These Sensational 6",Somewhat-Bullish,0.210143
233,01/31/2024,A Bull Market Is Here. 3 Top Stocks to Buy Like There's No Tomorrow,Bullish,0.37417
234,01/31/2024,Epic Games Accuses Apple Of Non-Compliance Of Court Order On Alternative Payment Options - Apple  ( NASDAQ:AAPL ) ,Neutral,0.019199
235,01/31/2024,"The Zacks Analyst Blog Highlights Apple, Visa, Novo Nordisk, PepsiCo and CrowdStrike Holdings",Somewhat-Bullish,0.318734
236,01/31/2024,"Dan Ives Called Tesla's Latest Earnings a ""Train Wreck"": Here's His List of Recommendations to Turn the Company Around",Somewhat-Bullish,0.198936
237,01/31/2024,Should You Buy Apple  ( AAPL )  Ahead of Earnings?,Bullish,0.463498
238,01/31/2024,4 Reasons to Buy Apple Stock Like There's No Tomorrow,Neutral,0.084511
239,01/31/2024,"AI Dream Turns Nightmarish: $190B Wiped Out After After Microsoft, Alphabet, AMD Earnings - Apple  ( NASDAQ:AAPL ) , Advanced Micro Devices  ( NASDAQ:AMD ) ",Neutral,-0.060659
240,01/31/2024,PayPal Cuts 9% of Staff in Efficiency Drive - PayPal Holdings  ( NASDAQ:PYPL ) ,Neutral,0.016783
241,01/31/2024,Gen Digital  ( GEN )  to Report Q3 Earnings: What's in the Cards?,Somewhat-Bullish,0.211671
242,01/31/2024,"Why ETF Yields Could Crash, And These 8%+ Payers Will Soar",Neutral,0.147792
243,01/31/2024,"Move Over, Apple -- Microsoft Is the New Largest Company in the World",Neutral,0.069039
244,01/31/2024,Is AGNC Investment the Best Dividend Stock for You?,Neutral,0.085468
245,01/31/2024,'The cautionary signals are off the charts.' Market correction warnings appear,Neutral,0.110227
246,01/31/2024,"2 Unstoppable Technology ETFs That Could Turn $100,000 Into $1 Million Over the Next 30 Years",Somewhat-Bullish,0.23811
247,01/31/2024,"Warren Buffett Has $177 Billion Invested in These ""Magnificent Seven"" Stocks. Here's Which 1 Could Soar the Most in 2024.",Bullish,0.357077
248,01/31/2024,"Microsoft Surpasses Apple and Exceeds $3 Trillion Market Cap, but Which Is the Better Buy Today?",Somewhat-Bullish,0.341359
249,01/31/2024,Will Amazon Be Worth More Than Apple by 2030?,Neutral,0.119208
250,01/31/2024,"The 2024 Chrysler Pacifica Hybrid minivan is a comfortable, spacious and safe family-hauler that saves on gas, too",Somewhat-Bullish,0.277438
251,01/31/2024,"Apple Analyst Predicts Foldables, Huawei, And AI Pose Threat To iPhone Throne In 2024 - Samsung Electronics Co  ( OTC:SSNLF ) ",Somewhat-Bullish,0.157482
252,01/31/2024,"Samsung is optimistic about AI-driven smartphones, despite losing the top sales crown | Business",Neutral,0.116997
253,01/31/2024,"Microsoft's Gaming Revolution: Xbox Hits Cosmic Heights With 200M Monthly Users After Activision Blizzard Fusion, Reveals Satya Nadella - Alphabet  ( NASDAQ:GOOG ) , Apple  ( NASDAQ:AAPL ) ",Bullish,0.356258
254,01/31/2024,"Apple Faces 'Prove Me' Moment With 'Bear Noise Building' Ahead Of Q1 Results, Says Bullish Analyst - Apple  ( NASDAQ:AAPL ) ",Somewhat-Bullish,0.240853
255,01/31/2024,"PayPal to cut around 2,500 jobs as company grapples with competition",Neutral,-0.062414
256,01/30/2024,Futures: 3 AI Giants Fall On Earnings; Musk's $56 Bil Pay Deal Voided,Neutral,-0.089
257,01/30/2024,Brian's Big Idea on Big Caps,Somewhat-Bullish,0.153029
258,01/30/2024,"Top Stock Reports for Apple, Visa & Novo Nordisk",Bullish,0.399676
259,01/30/2024,J.P. Morgan sees shades of the dotcom bubble in Big Tech-dominated stock market,Somewhat-Bullish,0.203357
260,01/30/2024,"'Big Week For Big Tech,' Says Munster, As He Details 'Pressure Points' For The 'Magnificent 7' - Invesco QQQ Trust, Series 1  ( NASDAQ:QQQ ) ",Somewhat-Bullish,0.307281
261,01/30/2024,"Apple Vision Pro Hits Stores Friday: iPhone-Like Frenzy Missing For AR Headset, But Analysts Expect 500K-600K Sales This Year - Apple  ( NASDAQ:AAPL ) ",Bullish,0.35632
262,01/30/2024,"Apple's  ( AAPL )  Q1 Earnings to Ride on Solid Mac Sales, Services",Somewhat-Bullish,0.277077
263,01/30/2024,"Most Important Earnings Report For This AI Driven Market Ahead, Treasury Funding Optimism - Microsoft  ( NASDAQ:MSFT ) ",Somewhat-Bullish,0.252928
264,01/30/2024,"Stocks Fall Amid Economic Data; Alphabet, Microsoft, Apple To Report",Neutral,-0.019162
265,01/30/2024,"Market Clubhouse Morning Memo - January 30th, 2024  ( Trade Strategy For SPY, QQQ, AAPL, MSFT, NVDA, GOOGL, META, And TSLA )  - Invesco QQQ Trust, Series 1  ( NASDAQ:QQQ ) ",Neutral,0.104576
266,01/30/2024,"Comparative Study: Apple And Industry Competitors In Technology Hardware, Storage & Peripherals Industry - Apple  ( NASDAQ:AAPL ) ",Somewhat-Bullish,0.251689
267,01/30/2024,Too much 'Magnificent Seven'? A revenue-weighted index fund may be the solution,Somewhat-Bullish,0.163498
268,01/30/2024,"Stock Prices Hit Records, Key Data and Earnings Ahead",Neutral,0.048111
269,01/30/2024,Avon slammed over Russia links. 'Beauty and the Beast' says Moral Rating Agency,Neutral,-0.040646
270,01/30/2024,Factors to Note Ahead of Dolby's  ( DLB )  Q1 Earnings Release,Somewhat-Bullish,0.208955
271,01/30/2024,"1 Mental Trick You Can Use If You Want to Invest in the S&P 500 but Don't Like the ""Magnificent Seven""",Somewhat-Bullish,0.244147
272,01/30/2024,Zacks Investment Ideas feature highlights: Apple,Somewhat-Bullish,0.259205
273,01/30/2024,ETFs to Watch This Earnings-Packed Week,Somewhat-Bullish,0.246884
274,01/30/2024,"As Fed Pivots To Rate Cuts, Will S&P 500 Party Like It's 1999 Again?",Neutral,0.026659
275,01/30/2024,"Did the ""Magnificent Seven"" Just Become the ""Super Six?""",Somewhat-Bullish,0.211518
276,01/30/2024,Should Vanguard Russell 1000 Growth ETF  ( VONG )  Be on Your Investing Radar?,Somewhat-Bullish,0.291087
277,01/30/2024,Huawei Sets Up A Rematch With Apple: Mate 70 Series To Launch In September To Take On iPhone 16 - Apple  ( NASDAQ:AAPL ) ,Somewhat-Bullish,0.294642
278,01/30/2024,"Meta Gets 22% Price Target Boost Ahead Of Q4 Results As Analyst Pins Hopes On Ad Market Recovery, Reels Strength - Meta Platforms  ( NASDAQ:META ) ",Somewhat-Bullish,0.27611
279,01/30/2024,"Xreal Gathers $60M To Go Head-To-Head With Apple, Meta, And Google In The AR Glasses Arena - Alphabet  ( NASDAQ:GOOG ) , Apple  ( NASDAQ:AAPL ) ",Somewhat-Bullish,0.162534
280,01/30/2024,Zoom Unveils Futuristic Meeting Features For Apple Vision Pro With A New App - Zoom Video Comms  ( NASDAQ:ZM ) ,Bullish,0.47413
281,01/30/2024,The 2024 Lexus RX review: The bestselling luxury SUV offers a serene ride and great resale value,Bullish,0.391886
282,01/30/2024,S&P 500 futures hold near highs as Microsoft results loom,Somewhat-Bullish,0.201408
283,01/30/2024,"No, there is no such thing as price-to-innovation. Explaining the viral clip, and the valuation metric that Peter Lynch employed.",Neutral,0.122733
284,01/30/2024,"\Apple Battles UK Law That Kills Encryption, Calls It A 'Secret Veto' Against Global Privacy - Apple  ( NASDAQ:AAPL ) ",Neutral,-0.127598
285,01/30/2024,"'History Will Repeat Itself:' Munster Warns Meta Welcoming Headset War With Apple Echoes BlackBerry's Greeting To Cupertino's 2007 Smartphone Debut - BlackBerry  ( NYSE:BB ) , Apple  ( NASDAQ:AAPL ) ",Neutral,0.149957
286,01/30/2024,"Top Strategist Jon Wolfenbarger Warns Of Stock Market Crash And Year-Long Recession: 'Market Highly Vulnerable To Falling To New Bear Lows' - Apple  ( NASDAQ:AAPL ) , Amazon.com  ( NASDAQ:AMZN ) ",Neutral,-0.098736
287,01/30/2024,"Microsoft's Xbox President Slams Apple's Latest EU App Store Rules As 'A Step In The Wrong Direction' - Microsoft  ( NASDAQ:MSFT ) , Apple  ( NASDAQ:AAPL ) ",Neutral,-0.074329
288,01/30/2024,"S&P 500 hits fresh closing high ahead of Fed meeting, big tech earnings",Neutral,0.0
289,01/29/2024,IRobot's future could be rocky after Amazon deal falls through,Neutral,0.002424
290,01/29/2024,LeddarTech's Board of Directors Appoints Sylvie Veilleux and Lizabeth Ardisana,Somewhat-Bullish,0.156459
291,01/29/2024,"The Fed may be 'patient' in cutting rates, says portfolio manager at Morgan Stanley",Neutral,0.077201
292,01/29/2024,Futures: Fed Meeting On Deck; AI Leader Surges Late,Somewhat-Bullish,0.191332
293,01/29/2024,Apple Q1 Earnings: Key Metrics to Watch,Somewhat-Bullish,0.26591
294,01/29/2024,LeddarTech's Board of Directors Appoints Sylvie Veilleux and Lizabeth Ardisana,Somewhat-Bullish,0.304532
295,01/29/2024,LeddarTech's Board of Directors Appoints Sylvie Veilleux and Lizabeth Ardisana,Somewhat-Bullish,0.285758
296,01/29/2024,"Steve Jobs Followed An Extreme Diet Consisting Of Certain Fruits And Vegetables And Fasting For Days - When Diagnosed With Pancreatic Cancer, He Declined Treatment Not Wanting To Be 'Violated In That Way' But Later Regretted The Decision",Neutral,0.084102
297,01/29/2024,Amazon  ( AMZN )  to Post Q4 Earnings: What's in the Offing?,Somewhat-Bullish,0.27693
298,01/29/2024,"US Stocks Rise At Week's Start, Tesla Rebounds, SoFi, Lucid Shine: What's Driving Markets Monday? - Apple  ( NASDAQ:AAPL ) ",Somewhat-Bullish,0.215316
299,01/29/2024,"Magnificent 7 Stocks: Are These Leading Growth Names Overheated, Or Are They Just Getting Started?",Somewhat-Bullish,0.199708
300,01/29/2024,Key To The Market Is Biden's Response To Killing Of U.S. Soldiers - Optimism Over Tech Earnings - Advanced Micro Devices  ( NASDAQ:AMD ) ,Somewhat-Bullish,0.23623
301,01/29/2024,What to expect when tech behemoth Apple reports quarterly earnings this week,Somewhat-Bullish,0.160764
302,01/29/2024,Apple  ( AAPL )  to Report Q1 Earnings: What's in the Offing?,Neutral,0.139387
303,01/29/2024,Match Group  ( MTCH )  to Post Q4 Earnings: What's in Store?,Somewhat-Bullish,0.184306
304,01/29/2024,What's Going On With Rivian Automotive Stock? - Rivian Automotive  ( NASDAQ:RIVN ) ,Neutral,-0.014209
305,01/29/2024,Microsoft Analysts Focusing On Expansive AI Ambitions In Q2 - Microsoft  ( NASDAQ:MSFT ) ,Bullish,0.400005
306,01/29/2024,"Market Clubhouse Morning Memo - January 29th, 2024  ( Trade Strategy For SPY, QQQ, AAPL, MSFT, NVDA, GOOGL, META, And TSLA )  - Invesco QQQ Trust, Series 1  ( NASDAQ:QQQ ) ",Neutral,0.128736
307,01/29/2024,Stock Market Rises As Amazon and Microsoft Pull Ahead,Somewhat-Bullish,0.166811
308,01/29/2024,S&P 500 Going Sideways Amid Earnings and Fed,Neutral,-0.035927
309,01/29/2024,Big Earnings Week Ahead,Neutral,0.049626
310,01/29/2024,Apple Design Legend Jony Ive Wanted To Merge MacBook Air And Pro Lines: Report - Apple  ( NASDAQ:AAPL ) ,Somewhat-Bullish,0.158195
311,01/29/2024,"It's Jobs Week Already? Plus Q4 Reports from MSFT, GOOGL, AAPL, AMZN",Neutral,0.047253
312,01/29/2024,"Europe Fears 'Honeymoon Is Over' As Biden Continues Trump's 'Protectionist' Trade Policies - Alphabet  ( NASDAQ:GOOGL ) , Apple  ( NASDAQ:AAPL ) ",Neutral,0.127126
313,01/29/2024,Seeking Clues to Apple  ( AAPL )  Q1 Earnings? A Peek Into Wall Street Projections for Key Metrics,Neutral,0.111112
314,01/29/2024,"AI, Biotech, Energy Sectors Expect M&A Revival For 2024 - Apple  ( NASDAQ:AAPL ) , Amazon.com  ( NASDAQ:AMZN ) ",Somewhat-Bullish,0.209567
315,01/29/2024,3 Stocks That Could Be Surprise Artificial Intelligence  ( AI )  Winners in 2024,Somewhat-Bullish,0.246582
316,01/29/2024,PTC Set to Report Q1 Earnings: Here's What You Should Know,Somewhat-Bullish,0.216781
317,01/29/2024,"Microsoft Set To Leapfrog Apple In Market Value In The Next Five Years, Investors Predict - Microsoft  ( NASDAQ:MSFT ) , Apple  ( NASDAQ:AAPL ) ",Somewhat-Bullish,0.25224
318,01/29/2024,Futures Await Huge Market News,Neutral,0.128441
319,01/29/2024,Futures Mixed Ahead Of Busy Week,Somewhat-Bullish,0.166003
320,01/29/2024,One Magnificent Seven Stock Smashes Into A Wall,Neutral,0.056669
321,01/29/2024,DXC Technology  ( DXC )  to Report Q3 Earnings: What to Expect?,Neutral,0.059532
322,01/29/2024,"US Stocks Set For Mixed Open As Traders Await Tech Earnings Deluge, Central Bank Meeting: Analyst Says Fed Will Talk Tough For While Longer - Invesco QQQ Trust, Series 1  ( NASDAQ:QQQ ) , SPDR S&P 500  ( ARCA:SPY ) ",Neutral,0.034131
323,01/29/2024,"If You Invested $5,000 in Aurora Cannabis in 2019, This Is How Much You Would Have Today",Neutral,0.002465
324,01/29/2024,"TSMC Reportedly Expands In Japan With A Second Plant, Investing Billions And Shaping The Future Of Chips - Taiwan Semiconductor  ( NYSE:TSM ) ",Somewhat-Bullish,0.185236
325,01/29/2024,"This market is a 'bear trap' so here's what to buy, strategist says",Neutral,0.043281
326,01/29/2024,"Here's How Much You Could Earn in Dividends From ""Magnificent Seven"" Stocks Apple, Microsoft, and Nvidia",Somewhat-Bullish,0.274084
327,01/29/2024,Should Schwab Fundamental U.S. Large Company Index ETF  ( FNDX )  Be on Your Investing Radar?,Somewhat-Bullish,0.194859
328,01/29/2024,Apple Card Rewards Just Raised APY For Third Time To Hit 4.50% - Goldman Sachs Gr  ( NYSE:GS ) ,Somewhat-Bullish,0.294345
329,01/29/2024,"Microsoft Hits an All-Time High, But It's Still Some Way From Becoming the Most Important Stock in the Dow Jones Industrial Average",Somewhat-Bullish,0.196697
330,01/29/2024,"Tech Titans Microsoft, Apple Lead 'Magnificent Seven' Earnings Wave This Week: Can Mega-Caps Ignite Market Optimism? - SPDR S&P 500  ( ARCA:SPY ) ",Neutral,0.116237
331,01/29/2024,"These Are the Best ""Magnificent Seven"" Stocks to Buy in 2024, According to Wall Street",Somewhat-Bullish,0.243867
332,01/29/2024,Elon Musk Minimizes Mob Trolling On X As Paul Graham Says It Has 'Improved A Lot:' 'Water Off A Duck's Back' - Walt Disney  ( NYSE:DIS ) ,Neutral,-0.076441
333,01/29/2024,3 Warren Buffett Stocks I Wouldn't Touch With a 10-Foot Pole in 2024,Neutral,0.135168
334,01/29/2024,The 2024 Ford Mustang Mach-E is a well-rounded EV with good range and a touch of legend,Somewhat-Bullish,0.234067
335,01/29/2024,Why iOS 18 Could Be Apple's 'Biggest' Software Update In iPhone's History: Analyst Explains - Apple  ( NASDAQ:AAPL ) ,Somewhat-Bullish,0.277173
336,01/29/2024,Apple's 'Find My' Feature Helps An iPhone Owner Recover Their Stolen Phone From Walmart's 'EcoATM': Here's How You Can Save Yours - Apple  ( NASDAQ:AAPL ) ,Neutral,0.071706
337,01/29/2024,Apple's Latest Film 'Little Garlic' Is A Chinese New Year Story Of Self-Discovery And Filmed Entirely On iPhone 15 Pro Max - Apple  ( NASDAQ:AAPL ) ,Somewhat-Bullish,0.18029
338,01/29/2024,"Apple Next-Gen iPads And MacBook Airs With M3 Chips Could Unveil By The End Of March, Says Mark Gurman - Apple  ( NASDAQ:AAPL ) ",Somewhat-Bullish,0.225666
339,01/29/2024,Hello Vision Pro' - Apple Is Now Touting Its Mixed Reality Headset On YouTube: Watch Here - Apple  ( NASDAQ:AAPL ) ,Somewhat-Bullish,0.322541
340,01/29/2024,"Top Asset Manager Predicts Economic Slowdown, Weaker Performance For 'Magnificent Seven' In 2024: 'This Dynamic Generally Does Not End Well' - Apple  ( NASDAQ:AAPL ) , Amazon.com  ( NASDAQ:AMZN ) ",Somewhat-Bullish,0.261151
341,01/28/2024,Here's Why Netflix's Deal With TKO Is a Game-Changer for Both Stocks,Somewhat-Bullish,0.226415
342,01/28/2024,"Stock-market rally faces Fed, tech earnings and jobs data in make-or-break week",Neutral,0.121963
343,01/28/2024,The busiest and most crucial week for fourth-quarter earnings is here.,Neutral,0.107929
344,01/28/2024,Rivian Poaches Apple Executive Involved In Early Stages Of Tech Giant's Self-driving Project: Report - Rivian Automotive  ( NASDAQ:RIVN ) ,Neutral,0.080496
345,01/28/2024,Forget The Magnificent Seven. Focus On These Fab Five.,Somewhat-Bullish,0.181552
346,01/28/2024,"Vision Pro Exceeds Expectations, Banned Apple Watch Feature Saves Teen And More: Top News In Appleverse This Week - Apple  ( NASDAQ:AAPL ) , Masimo  ( NASDAQ:MASI ) ",Neutral,0.116926
347,01/28/2024,Retirement Income: Earn Up To 16.7% Each And Every Month,Somewhat-Bullish,0.206843
348,01/28/2024,"Musk Refuting xAI Funding Reports, Biden's AI Project, Apple's New Assistant, Deepfake Threats And More: This Week In AI - Apple  ( NASDAQ:AAPL ) , Advanced Micro Devices  ( NASDAQ:AMD ) ",Neutral,0.054636
349,01/28/2024,The Economy Outperforms And Earnings Improve,Somewhat-Bullish,0.322476
350,01/28/2024,Nearly 50% of Warren Buffett-Led Berkshire Hathaway's $369 Billion Portfolio Is Invested in Only 1 Stock,Somewhat-Bullish,0.2031
351,01/27/2024,3 Dividend-Paying Tech Stocks to Buy Right Now,Somewhat-Bullish,0.347208
352,01/27/2024,"If You Invested $1000 In Apple When The iPad Was Launched 14 Years Ago, Here's How Much You'd Have Today - Apple  ( NASDAQ:AAPL ) ",Somewhat-Bullish,0.274894
353,01/27/2024,"Apple, Tesla, Amazon And Dogecoin Will Hit 10 Cents On Hopes Of Musk's X Payment Integration, Says Analyst: Bulls And Bears",Neutral,0.139692
354,01/27/2024,Stocks Are Doing Something Unprecedented  ( Here's What To Do ) ,Neutral,-0.043464
355,01/27/2024,"Is Growth Your New Year's Resolution? This Unstoppable Warren Buffett Index Fund Could Turn $75 a month into $50,000",Somewhat-Bullish,0.333821
356,01/27/2024,Where Will Apple Stock Be in 5 Years?,Somewhat-Bullish,0.312217
357,01/27/2024,My Top Bull Market Growth Stocks to Buy in 2024,Bullish,0.362561
358,01/27/2024,"Stock Market Curveball: Apple, IBM, and Netflix Just Split Their Stocks, but It's Not What You Think",Neutral,-0.007342
359,01/27/2024,EU Threatens Apple Of 'Strong Action' Over App Store Modifications: 'We Will Not Hesitate' - Apple  ( NASDAQ:AAPL ) ,Neutral,-0.033466
360,01/27/2024,"Tesla Spends Less Than Apple On R&D In 2023, Says Investor: Elon Musk Hails 'Gigantic Differences In Effectiveness' - Tesla  ( NASDAQ:TSLA ) ",Neutral,0.05616
361,01/27/2024,"Spotify CEO Slams Apple's 'Alternative App Store' Fee, Says It Will Increase Customer Acquisition Costs Ten Fold: 'New Low Even For Them' - Meta Platforms  ( NASDAQ:META ) , Apple  ( NASDAQ:AAPL ) ",Neutral,-0.009608
362,01/26/2024,3 Key Quarterly Releases to Watch Next Week,Somewhat-Bullish,0.294164
363,01/26/2024,"Apple, Boeing, Microsoft, Alphabet And A Fed Meeting, For Starters: Investing Action Plan",Neutral,0.141296
364,01/26/2024,Earnings Tsunami Looms For Market Rally; Seven Stocks To Watch,Neutral,0.121082
365,01/26/2024,3 Magnificent 7 Tech Stocks to Buy and Hold Forever,Somewhat-Bullish,0.247294
366,01/26/2024,Stock Market Today: Stocks Finish Mixed Ahead of Fed Week,Neutral,0.134072
367,01/26/2024,Earnings Countdown: Mega-Cap Stocks Take the Stage Next Week,Neutral,0.139418
368,01/26/2024,Big Tech Announces Another Round of Job Cuts As It Continues Its Expensive Efforts To Turn GenAI Into Business Magic - Amazon.com  ( NASDAQ:AMZN ) ,Neutral,0.05048
369,01/26/2024,Elon Musk has egg on his face,Neutral,0.071693
370,01/26/2024,"Magnificent 7 Stocks Dominate Earnings Calendar, Along With AI Leader Super Micro Computer",Somewhat-Bullish,0.201084
371,01/26/2024,The Buffett Chronicles: Lesser-Known Investments That Struck Gold,Somewhat-Bullish,0.236608
372,01/26/2024,"Market Clubhouse Morning Memo - January 26th, 2024  ( Trade Strategy For SPY, QQQ, AAPL, MSFT, NVDA, GOOGL, META, And TSLA )  - Alphabet  ( NASDAQ:GOOGL ) , Apple  ( NASDAQ:AAPL ) ",Somewhat-Bullish,0.199645
373,01/26/2024,CommVault  ( CVLT )  to Report Q3 Earnings: What's in Store?,Somewhat-Bullish,0.169532
374,01/26/2024,Intuitive Surgical  ( ISRG )  Seeks FDA Nod for Next-Gen da Vinci 5,Neutral,0.118751
375,01/26/2024,Electronic Arts  ( EA )  to Report Q3 Earnings: What's in Store?,Somewhat-Bullish,0.197055
376,01/26/2024,Samsung Galaxy S24 Powered By 'Galaxy AI' Sets A New Pre-Order Record - Samsung Electronics Co  ( OTC:SSNLF ) ,Neutral,0.109073
377,01/26/2024,"Arm Elbows Into New Arenas As Chip Designer Takes On AI, Auto, Cloud, Other Markets",Somewhat-Bullish,0.259401
378,01/26/2024,3 Technology Mutual Funds Worth Investing in,Somewhat-Bullish,0.286054
379,01/26/2024,Apple Embraces Change: iOS 17.4 Beta Introduces App Sideloading - But Only For EU Users - Apple  ( NASDAQ:AAPL ) ,Neutral,0.023493
380,01/26/2024,What's in Store for Koninklijke Philips  ( PHG )  in Q4 Earnings?,Bullish,0.380578
381,01/26/2024,"Apple's Sales Are Falling, but This Area of Its Business Has Grown 25% in Just 2 Years",Somewhat-Bullish,0.25515
382,01/26/2024,Is Schwab Fundamental U.S. Broad Market Index ETF  ( FNDB )  a Strong ETF Right Now?,Somewhat-Bullish,0.264925
383,01/26/2024,55.1% of Warren Buffett's $370 Billion Stock Portfolio Is Invested in 4 Artificial Intelligence  ( AI )  Stocks,Somewhat-Bullish,0.30056
384,01/26/2024,"The Zacks Analyst Blog Highlights Apple, Microsoft, Travelers, American Express and International Business Machines",Somewhat-Bullish,0.273233
385,01/26/2024,F5  ( FFIV )  to Report Q1 Earnings: What's in the Offing?,Somewhat-Bullish,0.175197
386,01/26/2024,Roper  ( ROP )  to Report Q4 Earnings: What's in the Cards?,Somewhat-Bullish,0.243835
387,01/26/2024,FLEX Gears Up to Report Q3 Earnings: What's in the Offing?,Neutral,0.125108
388,01/26/2024,83% of Warren Buffett's $365 Billion Portfolio Is Invested in Just 7 Stocks,Somewhat-Bullish,0.232481
389,01/26/2024,"Apple to let these iPhone users sideload apps, change default browser in historic iOS, App Store overhaul",Neutral,-0.026285
390,01/26/2024,"Information And Communications Technology Services in Education Market to record USD 89.72 billion Growth, Cisco ... - PR Newswire",Somewhat-Bullish,0.30872
391,01/26/2024,"Apple's Revenue Unlikely To Be Impacted By EU Regulatory Changes, Says JP Morgan - JPMorgan Chase  ( NYSE:JPM ) ",Neutral,0.018718
392,01/26/2024,"Netflix Co-CEO Downplays Apple Vision Pro's Market Relevance: 'We Have To Be Careful…' - Alphabet  ( NASDAQ:GOOG ) , Apple  ( NASDAQ:AAPL ) ",Somewhat-Bullish,0.297189
393,01/25/2024,Zuckerberg Vs. Musk: Billionaire Battle Sees Meta Platforms Rejoin $1 Trillion Market Cap Club Before Tesla - Meta Platforms  ( NASDAQ:META ) ,Neutral,0.092506
394,01/25/2024,"Apple Music Raises Royalties For Spatial Audio: A 10% Boost For Quality Sound - Apple  ( NASDAQ:AAPL ) , Amazon.com  ( NASDAQ:AMZN ) ",Somewhat-Bullish,0.295137
395,01/25/2024,"Spotify Sees Silver Lining In EU Competition Law, Anticipates Rise Of 'Superfan Clubs' - Apple  ( NASDAQ:AAPL ) , Spotify Technology  ( NYSE:SPOT ) ",Somewhat-Bullish,0.266106
396,01/25/2024,"Apple's App Store To Get Major Overhaul In Response To EU Regulations - Apple  ( NASDAQ:AAPL ) , Match Group  ( NASDAQ:MTCH ) ",Neutral,0.051621
397,01/25/2024,"Apple announces changes to iOS, Safari, and the App Store in the European Union",Neutral,0.133726
398,01/25/2024,"X Marks The Spot: Elon Musk's Ownership Triggers Dramatic Valuation Plunge - Apple  ( NASDAQ:AAPL ) , Walt Disney  ( NYSE:DIS ) ",Somewhat-Bullish,0.164258
399,01/25/2024,"PayPal CEO sees 'huge monetization opportunity' after revamp, but stock drops",Somewhat-Bullish,0.292601
400,01/25/2024,A Morningstar chief strategist details which parts of the stock market are still undervalued as indexes hit new records - plus 7 stocks with upside that fit the bill,Neutral,0.095727
401,01/25/2024,"If You Invested $1000 In This Stock 5 Years Ago, You Would Have $5,000 Today - Apple  ( NASDAQ:AAPL ) ",Somewhat-Bullish,0.160819
402,01/25/2024,Microsoft Cuts 9% Of Gaming Staff After Activision Blizzard Purchase,Neutral,0.036852
403,01/25/2024,Alphabet  ( GOOGL )  to Post Q4 Earnings: What's in the Offing?,Somewhat-Bullish,0.26165
404,01/25/2024,What's in Store for Super Micro Computer's  ( SMCI )  Q2 Earnings?,Somewhat-Bullish,0.223617
405,01/25/2024,Apple  ( AAPL )  Reports Next Week: Wall Street Expects Earnings Growth,Somewhat-Bullish,0.188866
406,01/25/2024,"Stocks: New Record Followed by Pullback, Is the Top In?",Neutral,0.03377
407,01/25/2024,Apple Stock's Valuation Demands a Return to Revenue Growth. Can It Deliver?,Somewhat-Bullish,0.269596
408,01/25/2024,How to Boost Your Portfolio with Top Computer and Technology Stocks Set to Beat Earnings,Bullish,0.372832
409,01/25/2024,Apple and Cenovus Energy have been highlighted as Zacks Bull and Bear of the Day,Neutral,0.137292
410,01/25/2024,"Why it's time to avoid the Magnificent Seven stocks, says equity strategist",Neutral,0.093762
411,01/25/2024,5 Blue-Chip Stocks to Buy as Dow Hits a New Milestone,Somewhat-Bullish,0.282385
412,01/25/2024,"Warren Buffett's ""Magnificent Seven"" Artificial Intelligence Bets: 48.5% of Berkshire Hathaway's $365 Billion Portfolio Is in These 2 AI Stocks",Bullish,0.391443
413,01/25/2024,"3 Stocks That Turned $1,000 into $1 Million  ( or More ) ",Somewhat-Bullish,0.192628
414,01/25/2024,5 huge challenges facing Apple this year | Business,Neutral,0.007207
415,01/25/2024,5 huge challenges facing Apple this year | Business,Neutral,0.007207
416,01/25/2024,"Unlocking Warren Buffett's Hidden Fortune: The $68 Billion Secret Portfolio Revealed - Apple  ( NASDAQ:AAPL ) , Cisco Systems  ( NASDAQ:CSCO ) ",Somewhat-Bullish,0.224833
417,01/25/2024,Nokia's Sales Slide Despite Big Deals with Apple and Samsung: What's Next for This Tech Giant? Why Nokia  ( NOK )  Shares Are Surging Today - Nokia  ( NYSE:NOK ) ,Neutral,0.02175
418,01/25/2024,Should iShares S&P 500 Growth ETF  ( IVW )  Be on Your Investing Radar?,Somewhat-Bullish,0.286833
419,01/25/2024,Is Franklin U.S. Large Cap Multifactor Index ETF  ( FLQL )  a Strong ETF Right Now?,Somewhat-Bullish,0.20693
420,01/25/2024,"Stocks versus bonds is a no-brainer for the next decade, says the Fed model",Neutral,-0.01923
421,01/25/2024,"The 2024 Volkswagen Golf GTI review: An enthusiast's machine that's wonderfully practical, too",Somewhat-Bullish,0.286735
422,01/25/2024,Apple Makes Sharing Your Pronouns A Breeze With New Contacts App Feature On iOS 17.3 - Apple  ( NASDAQ:AAPL ) ,Neutral,0.11949
423,01/25/2024,Bull of the Day: Apple  ( AAPL ) ,Neutral,0.137341
424,01/25/2024,"$3,500 Apple Headset? No Problem! Apple Vision Pro Blows Past Expectations, Wedbush Upgrades 2024 Sales Prediction - Alphabet  ( NASDAQ:GOOG ) , Apple  ( NASDAQ:AAPL ) ",Somewhat-Bullish,0.322222
425,01/25/2024,"Zacks Earnings Trends Highlights: Amazon, Alphabet, Apple, Microsoft, Nvidia",Neutral,0.044207
426,01/25/2024,Apple Outshines Huawei In China As iPhone Emerges Victorious Despite Local Competition And Government Ban - Iteris  ( NASDAQ:ITI ) ,Somewhat-Bullish,0.227705
427,01/25/2024,Apple's iMessage To Follow WhatsApp In Opening Up To Third-Party Chats Amid EU Push? - Meta Platforms  ( NASDAQ:META ) ,Somewhat-Bullish,0.252655
428,01/25/2024,"Jim Cramer Recommends Capitalizing On Market Anomalies For Profitable Investments: 'Throw Out The Playbook And Write A New One' - Apple  ( NASDAQ:AAPL ) , Amazon.com  ( NASDAQ:AMZN ) ",Neutral,0.103539
429,01/25/2024,Apple Reportedly Books Majority Of TSMC's Initial 2nm Chips Touted To Be The 'Most Advanced Semiconductor' Tech - Apple  ( NASDAQ:AAPL ) ,Somewhat-Bullish,0.207864
430,01/24/2024,Breaking Down the Q4 Earnings Season Scorecard,Neutral,0.083737
431,01/24/2024,Breaking Down the Q4 Earnings Season Scorecard,Neutral,0.083737
432,01/24/2024,"Why Nvidia, Microsoft and other 'Magnificent Seven' stocks are on top in 2024",Somewhat-Bullish,0.192307
433,01/24/2024,Is Netflix Winning the Streaming Wars?,Bullish,0.398794
434,01/24/2024,Tech has fueled large-cap stocks this year. It hasn't boosted small caps.,Neutral,0.021223
435,01/24/2024,Stock Market Today: Netflix Stock Rally Sends S&P 500 to New High,Somewhat-Bullish,0.32705
436,01/24/2024,How To Invest In Stocks: IBD Digital Webinar Notes,Somewhat-Bullish,0.23138
437,01/24/2024,How the Magnificent Seven and Nvidia Are Leading a Revolution in Wealth Creation? - Meta Platforms  ( NASDAQ:META ) ,Somewhat-Bullish,0.285532
438,01/24/2024,"These Stocks Led Dow's Run to 38,000. It's Not Who You Expect.",Somewhat-Bullish,0.212783
439,01/24/2024,"Amphenol's  ( APH )  Q4 Earnings Beat Estimates, Revenues Up Y/Y",Somewhat-Bullish,0.185738
440,01/24/2024,Meta Stock: Mark Zuckerberg's Company Rejoins The Trillion-Dollar Club,Somewhat-Bullish,0.23608
441,01/24/2024,3 Reasons to Buy Intel Stock in 2024,Somewhat-Bullish,0.248553
442,01/24/2024,"Netflix  ( NFLX )  Q4 Earnings Miss, Revenues Rise Y/Y on User Gain",Somewhat-Bullish,0.229191
443,01/24/2024,"Microsoft hits $3 trillion market value, cementing strength of AI rally",Bullish,0.386255
444,01/24/2024,Microsoft's stock marches to $3 trillion market cap for the first time,Neutral,0.121992
445,01/24/2024,Microsoft  ( MSFT )  to Report Q2 Earnings: What's in the Cards?,Somewhat-Bullish,0.336863
446,01/24/2024,Apple  ( AAPL )  Wins Record-Breaking 13 Academy Award Nominations,Bullish,0.431099
447,01/24/2024,"If You Invested $1000 In Apple When Macintosh Was Introduced 40 Years Ago, Here's How Much You'd Have Today - Apple  ( NASDAQ:AAPL ) , Intel  ( NASDAQ:INTC ) ",Somewhat-Bullish,0.174903
448,01/24/2024,Spotify To Bypass Apple's 30% App Store Fee In Europe Via In-App Purchases: Report - Spotify Technology  ( NYSE:SPOT ) ,Neutral,0.136185
449,01/24/2024,Alphabet  ( GOOGL )  Extends Google Photos Feature to Android,Somewhat-Bullish,0.307953
450,01/24/2024,iPhone App Sideloading: Apple Gears Up To Charge Fees For Apps Downloaded Outside Of App Store - Apple  ( NASDAQ:AAPL ) ,Neutral,-0.011751
451,01/24/2024,Woodward  ( WWD )  to Post Q1 Earnings: Key Factors to Note,Somewhat-Bullish,0.194111
452,01/24/2024,4 Blue-Chip Stocks to Bet on as Dow Hits All-Time High,Somewhat-Bullish,0.249051
453,01/24/2024,How Analysts Think Tesla's Profit Sizes Up In The S&P 500,Somewhat-Bullish,0.261419
454,01/24/2024,How To Earn $500 A Month From Apple Stock Ahead Of Q1 Earnings Report - Apple  ( NASDAQ:AAPL ) ,Neutral,0.116814
455,01/24/2024,LG Display's Comeback: OLED Drives Surprising Profit Turnaround - LG Display Co  ( NYSE:LPL ) ,Neutral,0.130652
456,01/24/2024,"Apple Wins Early Battle Against Pegasus Spyware Maker NSO: 'A Wash, Indeed' - Apple  ( NASDAQ:AAPL ) ",Somewhat-Bearish,-0.173518
457,01/24/2024,Apple plans new fees and restrictions as it moves to comply with new EU law: WSJ,Neutral,0.054689
458,01/24/2024,"1 Unstoppable Cryptocurrency to Buy Before It Soars 1,120%, According to This Wall Street Analyst",Neutral,0.144487
459,01/24/2024,Should You Invest in the iShares U.S. Technology ETF  ( IYW ) ?,Somewhat-Bullish,0.170814
460,01/24/2024,"Goodbye Curves: First Google Pixel 9 Leak Reveals An iPhone-Inspired Frame Design - Alphabet  ( NASDAQ:GOOG ) , Apple  ( NASDAQ:AAPL ) ",Neutral,0.061925
461,01/24/2024,"Can I still get Netflix with T-Mobile? Does Verizon still come with Disney+? Streaming deals, explained.",Neutral,0.095178
462,01/24/2024,Why Taiwan Semiconductor's Big News Is Great for These 2 Surprising Companies,Somewhat-Bullish,0.187673
463,01/24/2024,"The Zacks Analyst Blog Highlights Apple, Taiwan Semiconductor, NVIDIA, Salesforce, and Amazon.com",Somewhat-Bullish,0.274685
464,01/24/2024,Apple Sweetens The Mix For Artists With 10% Royalty Bonus For Spatial Audio On Apple Music: Report - Apple  ( NASDAQ:AAPL ) ,Bullish,0.373878
465,01/24/2024,"Your iPhone May Become Your New AI Assistant: Apple Hints At A Future With Self-Thinking Devices With On-Device AI - Alphabet  ( NASDAQ:GOOG ) , Apple  ( NASDAQ:AAPL ) ",Somewhat-Bullish,0.192261
466,01/24/2024,Apple Asks UK Court To Reject $1B Lawsuit Over App Store Fees - Apple  ( NASDAQ:AAPL ) ,Somewhat-Bearish,-0.181274
467,01/24/2024,"Alphabet Announces Separation From Appen, The Training Partner Behind Google's Chatbot Bard - Apple  ( NASDAQ:AAPL ) , Amazon.com  ( NASDAQ:AMZN ) ",Neutral,-0.021407
468,01/23/2024,Why Electric Vehicle Stocks Like Lucid and Li Auto Triumphed on Tuesday,Neutral,0.116681
469,01/23/2024,"Apple's Mac turns 40, bringing back memories of the company's once-renegade ways",Bullish,0.519215
470,01/23/2024,Netflix's ever-shifting content model now includes live sports and more gaming,Somewhat-Bullish,0.213429
471,01/23/2024,"Apple Car Capabilities Scaled Down, Tesla-Like EV Launch Expected In 2028 - Apple  ( NASDAQ:AAPL ) , Amazon.com  ( NASDAQ:AMZN ) ",Neutral,0.098475
472,01/23/2024,Apple said to be scaling down self-driving Apple car features,Neutral,0.084298
473,01/23/2024,ASML Holding  ( ASML )  to Post Q4 Earnings: What's in the Cards?,Somewhat-Bullish,0.18708
474,01/23/2024,"Academy Award Nominations: Disney, 'Oppenheimer' Dominate List, While 'Barbie' Gets Smaller Billing - Apple  ( NASDAQ:AAPL ) , Comcast  ( NASDAQ:CMCSA ) ",Neutral,0.117514
475,01/23/2024,NVDA Stock At Record Highs Amid Tech Earnings; Is Nvidia A Buy?,Somewhat-Bullish,0.220464
476,01/23/2024,"Should You Buy the Dip on the 3 ""Magnificent Seven"" Stocks That Are Already Down in 2024?",Somewhat-Bullish,0.176896
477,01/23/2024,"Stocks: Another Record High, yet Correction May Be Coming",Neutral,0.031277
478,01/23/2024,"OnePlus 12, OnePlus 12R Launched Featuring Qualcomm's Flagship Chipset, Starting At $499 - Apple  ( NASDAQ:AAPL ) , Qualcomm  ( NASDAQ:QCOM ) ",Somewhat-Bullish,0.214454
479,01/23/2024,Badger Meter  ( BMI )  to Post Q4 Earnings: Key Factors to Note,Somewhat-Bullish,0.271084
480,01/23/2024,What's in Store for STMicroelectronics  ( STM )  in Q4 Earnings?,Neutral,0.134326
481,01/23/2024,5 Technology Stocks Poised to Beat Earnings Estimates in Q4,Somewhat-Bullish,0.222449
482,01/23/2024,Western Digital  ( WDC )  to Post Q2 Earnings: Key Factors to Note,Neutral,0.09601
483,01/23/2024,"Surface Computing Market Projected to Reach a Staggering US$ 480.0 Billion by 2033, Insights by Persistence Market Research",Somewhat-Bullish,0.337455
484,01/23/2024,"3 Blue-Chip Stocks to Buy as the Dow Breezes Past 38,000",Somewhat-Bullish,0.207295
485,01/23/2024,"The Zacks Analyst Blog Highlights Apple, Taiwan Semiconductor, NVIDIA, Salesforce and Amazon.com",Somewhat-Bullish,0.274685
486,01/23/2024,5 Best Inverse/Leveraged ETF Areas of Last Week,Somewhat-Bullish,0.310403
487,01/23/2024,3 NY Life Invest Mutual Funds for Superior Returns,Somewhat-Bullish,0.222259
488,01/23/2024,"Earbuds Market is Expected to Expand at a Compound Annual Growth Rate  ( CAGR )  of 10.4% to Reach USD 43.9 billion by 2031: Transparency Market Research, Inc.",Bullish,0.385812
489,01/23/2024,"Apple Rolls Out iOS 17.3 Update With Innovative Features Like Stolen Device Protection, Unity Wallpaper And More - Apple  ( NASDAQ:AAPL ) ",Neutral,0.053278
490,01/23/2024,Apple Vision Pro Price Tag Swells For Those Who Need A Prescription Lens: Essential Adds-On Push Cost To Near Half That Of The Headset - Apple  ( NASDAQ:AAPL ) ,Somewhat-Bullish,0.290749
491,01/23/2024,Apple To Begin Shipping Vision Pro Headsets Ahead Of Feb. 2 Launch - Apple  ( NASDAQ:AAPL ) ,Somewhat-Bullish,0.255753
492,01/23/2024,Apple Vision Pro For Healthcare? Surgeon Thinks It Can Give 'Superpowers' To Doctors: 'I Am Excited' - Apple  ( NASDAQ:AAPL ) ,Somewhat-Bullish,0.345522
493,01/23/2024,"More Powerful Siri, Smoother Swipes: watchOS 10.3 Brings Back The Beloved Swipe Gesture For Changing Watch Faces - Apple  ( NASDAQ:AAPL ) ",Somewhat-Bullish,0.197603
494,01/23/2024,Tim Cook Says 'Thanks' After Banned Apple Watch Feature Saves Teen From Altitude Sickness - Masimo  ( NASDAQ:MASI ) ,Neutral,0.1314
495,01/23/2024,JP Morgan Urges Investors To Heed Apple Vision Pro Customer Feedback: 'Focus On Lead Times...Is Misplaced' - Iteris  ( NASDAQ:ITI ) ,Somewhat-Bullish,0.347403
496,01/23/2024,Netflix film chief Scott Stuber will leave to start new company,Somewhat-Bullish,0.305556
497,01/23/2024,"Rivian Ropes In Former Apple, Porsche Exec To Launch R2 Platform - Rivian Automotive  ( NASDAQ:RIVN ) ",Neutral,0.143453
498,01/23/2024,Apple Settles $13.7 Million Fine With Russia's Antitrust Watchdog Over In-App Payment Tactics - Apple  ( NASDAQ:AAPL ) ,Somewhat-Bearish,-0.222996
499,01/23/2024,Real Time Payments Market 2022-2027; USD 55.54 billion Incremental Growth - Technavio - PR Newswire,Somewhat-Bullish,0.281726
500,01/23/2024,Gene Munster Predicts It Will Take Apple 2 Years To Reach 1M Milestone For Vision Pro: 'It's Going To Take Time…' - Apple  ( NASDAQ:AAPL ) ,Somewhat-Bullish,0.314202
501,01/23/2024,"Jim Cramer Says Eli Lilly Could Replace Tesla In 'Magnificent Seven' List: 'To Ignore...Is To Reject The Facts' - Apple  ( NASDAQ:AAPL ) , Amazon.com  ( NASDAQ:AMZN ) ",Neutral,0.132447
502,01/23/2024,US-China tech rivalry keeps South Korean chipmakers in costly limbo,Neutral,-0.019165
503,01/23/2024,Samsung races Apple to develop blood sugar monitor that doesn't break skin,Neutral,0.097266
504,01/23/2024,"Samsung To Reportedly Level Up Its Health Tech Game - Plans To Challenge Apple With Noninvasive Blood Sugar Monitoring - Alphabet  ( NASDAQ:GOOG ) , Apple  ( NASDAQ:AAPL ) ",Neutral,0.14986
505,01/22/2024,Apple  ( AAPL )  Exceeds Market Returns: Some Facts to Consider,Somewhat-Bullish,0.232875
506,01/22/2024,Market Rally Shows Bullish Breadth; Apple Leads 6 New Buys,Somewhat-Bullish,0.156298
507,01/22/2024,"From 3M To Intel, A Big Earnings Week For Dow Jones Stocks",Neutral,0.082306
508,01/22/2024,"Take-Two Interactive Hits 52-Week High, Fueled By GTA 6 Release Optimism, AI Integration - Alphabet  ( NASDAQ:GOOG ) , Apple  ( NASDAQ:AAPL ) ",Somewhat-Bullish,0.296894
509,01/22/2024,Dow Jones Gains As Tesla Suffers Blow; Cathie Wood Buys This Bitcoin Play Amid 23% Plunge,Somewhat-Bullish,0.255382
510,01/22/2024,Jim Cramer Cut Tesla From Magnificent 7: What's The New Name? - Tesla  ( NASDAQ:TSLA ) ,Somewhat-Bullish,0.260785
511,01/22/2024,These 3 stock-market sectors were only winners in S&P 500's 2-year trip back to record high,Somewhat-Bullish,0.230592
512,01/22/2024,Apple Fans Snap Up Vision Pro Headsets But Demand Questioned,Somewhat-Bullish,0.184437
513,01/22/2024,"Justice Department, FTC mull antitrust investigation of OpenAI: report",Neutral,0.127336
514,01/22/2024,Is This the Real Reason Netflix Snubbed Apple's Vision Pro?,Somewhat-Bullish,0.277869
515,01/22/2024,Stocks at New Records: Is There More Upside?,Neutral,0.072143
516,01/22/2024,What's in the Cards for Lam Research  ( LRCX )  in Q2 Earnings?,Neutral,0.115326
517,01/22/2024,Here's Why Investors Should Add Salesforce  ( CRM )  to Portfolio,Somewhat-Bullish,0.330437
518,01/22/2024,"People Think Peloton Makes Money Selling Exercise Equipment, But 70% of Its Revenue Comes From Something Else Entirely",Neutral,0.11017
519,01/22/2024,"Apple may have sold 180,000 Vision Pros, but one analyst has a 'major concern'",Somewhat-Bullish,0.300952
520,01/22/2024,Follow The Billionaire Trail: Unveiling The Stocks Shared By Bill Gates And Other Tycoons - Microsoft  ( NASDAQ:MSFT ) ,Somewhat-Bullish,0.273751
521,01/22/2024,Where Will PayPal Be in 3 Years?,Somewhat-Bullish,0.308826
522,01/22/2024,"Got $1,000? 5 Buffett Stocks to Buy and Hold Forever.",Somewhat-Bullish,0.249558
523,01/22/2024,KLA  ( KLAC )  Set to Report Q2 Earnings: What's in the Cards?,Neutral,0.147079
524,01/22/2024,Is It Worth Investing in Apple  ( AAPL )  Based on Wall Street's Bullish Views?,Somewhat-Bullish,0.312044
525,01/22/2024,"Company News for Jan 22, 2024",Somewhat-Bullish,0.196179
526,01/22/2024,Factors to Note Ahead of Seagate's  ( STX )  Q2 Earnings Release,Neutral,0.050122
527,01/22/2024,AI is much better at evolution than revolution: Dave Lee,Neutral,0.048619
528,01/22/2024,Should Apple investors worry about a Justice Department antitrust lawsuit?,Neutral,-0.058049
529,01/22/2024,3 AI Stocks to Help You Retire a Millionaire: 2024 Edition,Bullish,0.362343
530,01/22/2024,"In-App Purchase Market Size is projected to reach USD 567.58 billion by 2031, growing at a CAGR of 20%: Straits Research",Somewhat-Bullish,0.253789
531,01/22/2024,3 S&P 500 Growth Stocks to Buy as Index Enjoys Bull Market,Somewhat-Bullish,0.29293
532,01/22/2024,Comcast  ( CMCSA )  to Report Q4 Earnings: What's in the Cards?,Somewhat-Bullish,0.186551
533,01/22/2024,More Bang For Your Apple Buck: iPhone 15 Pro Max Costs The Same As Vision Pro Accessories Plus Support Plan - Apple  ( NASDAQ:AAPL ) ,Somewhat-Bullish,0.181132
534,01/22/2024,"Down 5% Over The Last Month, Will Strong IPhone Sales Help Apple Offset Mac Headwinds In Q1?",Somewhat-Bullish,0.155944
535,01/22/2024,Should You Invest in the Vanguard Information Technology ETF  ( VGT ) ?,Somewhat-Bullish,0.17787
536,01/22/2024,Should Schwab U.S. Large-Cap Growth ETF  ( SCHG )  Be on Your Investing Radar?,Somewhat-Bullish,0.277924
537,01/22/2024,Should You Invest in the Invesco Dorsey Wright Technology Momentum ETF  ( PTF ) ?,Somewhat-Bullish,0.170274
538,01/22/2024,This Dividend King Soared 18.9% in 2023. Is There More Room to Run in 2024?,Somewhat-Bullish,0.313814
539,01/22/2024,"These 5 Wildly Popular High-Flying Stocks of 2023 Could Be Duds in the Rest of 2024, According to Wall Street",Somewhat-Bullish,0.182612
540,01/22/2024,Meet the Only 2 Berkshire Hathaway Holdings Warren Buffett Has Suggested Investors Buy,Neutral,0.130042
541,01/22/2024,Could This Be The Future Of Entertainment? Disney Shows Off 'HoloTile' Floor For A 360-Degree VR Experience - Walt Disney  ( NYSE:DIS ) ,Somewhat-Bullish,0.238778
542,01/22/2024,"Apple's Vision Pro Hits Pre-Order Jackpot, But Analyst Warns Of Demand Dip Ahead Based On Crucial Metric - Apple  ( NASDAQ:AAPL ) ",Somewhat-Bullish,0.329043
543,01/22/2024,Tesla Investor Sees Apple Selling More Vision Pros In 2024 Than EV Giant Delivering Cybertrucks: 'This Bet Is Not Looking Good' - Tesla  ( NASDAQ:TSLA ) ,Somewhat-Bullish,0.154128
544,01/22/2024,Elon Musk Tells Tim Cook He's Looking Forward To 'Trying' Apple Vision Pro Hours After Taking A Swipe At The Mixed Reality Headset - Tesla  ( NASDAQ:TSLA ) ,Somewhat-Bullish,0.255158
545,01/22/2024,"Stock Market's 'Once-In-A-Generation' Opportunity Is Near, Says Bernstein Analyst: 'You Are Going To See A Bear Market' - Apple  ( NASDAQ:AAPL ) , Amazon.com  ( NASDAQ:AMZN ) ",Somewhat-Bullish,0.224316
546,01/22/2024,"Apple's Move To Remove Blood Oxygen Feature In US Watches May Affect Sleep Apnea Detection, Says Mark Gurman - Masimo  ( NASDAQ:MASI ) ",Neutral,-0.121878
547,01/21/2024,Futures: Three Stocks Near Buy Points,Neutral,0.090564
548,01/21/2024,4 Things You Need to Know Before You Rush to Buy Apple Stock in 2024,Somewhat-Bullish,0.308731
549,01/21/2024,March Rate Cut Odds Plummet As Magnificent 7 Surge,Neutral,0.140026
550,01/21/2024,Better Stock to Buy in 2024: Apple vs. Costco,Bullish,0.362182
551,01/21/2024,Warren Buffett Is Set to Make $2 Billion in Dividend Income in 2024 From Just 3 Stocks,Somewhat-Bullish,0.336886
552,01/21/2024,The 3 Worst Stock Investments I Ever Made -- and What I Learned From Them,Neutral,0.118751
553,01/21/2024,Where Will Apple Stock Be in 3 Years?,Somewhat-Bullish,0.219401
554,01/20/2024,History Says the Nasdaq Will Roar Higher in 2024: 2 Surefire Growth Stocks to Buy Now,Bullish,0.365106
555,01/20/2024,"Apple Watch Sidesteps Looming Ban, Cupertino Giant Outshines Samsung In Sales, Tim Cook Shows BTS Of Vision Pro: This Week In Appleverse - Apple  ( NASDAQ:AAPL ) , Masimo  ( NASDAQ:MASI ) ",Somewhat-Bullish,0.157793
556,01/20/2024,3 Supercharged Tech Stocks to Buy Without Any Hesitation,Somewhat-Bullish,0.196561
557,01/20/2024,"Apple Sells Some of the Most Popular Hardware Products on the Face of the Planet, but This Other Segment Is Responsible for More Than a Third of Its Gross Profits",Somewhat-Bullish,0.277682
558,01/20/2024,3 Magnificent Growth ETFs That Could Triple Your Money With Next to No Effort,Somewhat-Bullish,0.176499
559,01/20/2024,"Jim Cramer Says Customers Can Buy 60-Inch TV At Walmart For $289 Than Apple Vision Pro: 'Don't Think People Have $4,000 Sitting Around' - Alphabet  ( NASDAQ:GOOG ) , Apple  ( NASDAQ:AAPL ) ",Somewhat-Bullish,0.297872
560,01/20/2024,Tim Cook Shares BTS Of Apple's Next Big Bet As Vision Pro Pre-Orders Are Now Live - Apple  ( NASDAQ:AAPL ) ,Bullish,0.412695
561,01/20/2024,Elon Musk Takes A Swipe At Apple AR/VR Headsets As Vision Pro Pre-Orders Open: 'It's Weird That The TV Now Sits On Your Nose!' - Meta Platforms  ( NASDAQ:META ) ,Neutral,0.136462
562,01/19/2024,USD 1.78 billion growth in IT market in Qatar from 2022 to 2027; Growth driven by Increased adoption of mobility ... - PR Newswire,Somewhat-Bullish,0.30655
563,01/19/2024,Market Hits Record Highs As Leaders Run; What To Do Now,Neutral,0.09998
564,01/19/2024,PayPal's stock enjoying best three-day run in 14 months with a key event on deck,Neutral,0.108945
565,01/19/2024,"S&P 500 Index Reaches All-Time Highs: AI, Rate Cut Hopes Cement The Milestone - Vanguard S&P 500 ETF  ( ARCA:VOO ) , iShares Core S&P 500 ETF  ( ARCA:IVV ) , SPDR S&P 500  ( ARCA:SPY ) ",Neutral,0.119651
566,01/19/2024,What's in the Offing for Texas Instruments  ( TXN )  in Q4 Earnings?,Neutral,0.099249
567,01/19/2024,"Augmented Reality  ( AR )  Industry Insights 2024-2030 Featuring Recent Developments & Revenue Metrics Across Multiple Applications for Key Players Kopin, Seiko Epson, and Vuzix Among Others",Bullish,0.409388
568,01/19/2024,The case for healthcare stocks,Neutral,0.074544
569,01/19/2024,Our 2 semiconductor stocks hit more all-time highs. Here is what's behind each move,Somewhat-Bullish,0.255883
570,01/19/2024,Apple's Vision Pro headset is selling out - but what does that really mean?,Somewhat-Bullish,0.192448
571,01/19/2024,TE Connectivity  ( TEL )  to Report Q1 Earnings: What's in Store?,Somewhat-Bullish,0.264624
572,01/19/2024,ServiceNow  ( NOW )  to Report Q4 Earnings: What's in the Cards?,Somewhat-Bullish,0.307318
573,01/19/2024,"ETFs in Focus Ahead of ""Magnificent Seven"" Q4 Earnings",Somewhat-Bullish,0.297144
574,01/19/2024,"Netflix, Tesla, Intel Highlight Earnings Calendar As Earnings Season Kicks Into Gear",Neutral,0.147463
575,01/19/2024,Is Trending Stock Apple Inc.  ( AAPL )  a Buy Now?,Somewhat-Bullish,0.230768
576,01/19/2024,"Apple's stock sentiment has been sour, but there may be a silver lining",Neutral,0.079121
577,01/19/2024,2024 Could Be Mark Zuckerberg's Trillion-Dollar Year,Somewhat-Bullish,0.194184
578,01/19/2024,Logitech  ( LOGI )  to Report Q3 Earnings: What's in Store?,Neutral,0.026405
579,01/19/2024,New And Returning Apple Card Users Score Exclusive Subscription Deals Until Jan. 31 - Sony Group  ( NYSE:SONY ) ,Somewhat-Bullish,0.302725
580,01/19/2024,Futures Rise; This AI Play Surges,Neutral,0.102868
581,01/19/2024,Semiconductor ETF  ( SMH )  Hits New 52-Week High,Somewhat-Bullish,0.189289
582,01/19/2024,What's Apple Hiding? The Mystery Component Of Vision Pro Revealed - Apple  ( NASDAQ:AAPL ) ,Somewhat-Bullish,0.248404
583,01/19/2024,"One sector is camouflaging the market's recent deterioration. It can only last so long, says this technical analyst.",Neutral,0.106672
584,01/19/2024,Is Your iPhone 12 Or M2 MacBook Air Safe? Apple Confirms Critical Security Flaw: Report - Meta Platforms  ( NASDAQ:META ) ,Neutral,-0.060768
585,01/19/2024,Should Motley Fool 100 Index ETF  ( TMFC )  Be on Your Investing Radar?,Neutral,0.097105
586,01/19/2024,Should SPDR MSCI USA StrategicFactors ETF  ( QUS )  Be on Your Investing Radar?,Neutral,0.113207
587,01/19/2024,Is Fidelity High Dividend ETF  ( FDVV )  a Strong ETF Right Now?,Somewhat-Bullish,0.299984
588,01/19/2024,92 Billion Reasons Amazon Can Become the Largest Publicly Traded Company by 2027,Neutral,0.147317
589,01/19/2024,"Instagram Axes Technical Managers In Meta's Efficiency Drive, More Organizations Likely To Follow Suit: Report - Apple  ( NASDAQ:AAPL ) , Amazon.com  ( NASDAQ:AMZN ) ",Neutral,-0.032845
590,01/19/2024,Meet the Stock Warren Buffett Has Purchased Shares of Almost Every Month for More Than 5 Years,Somewhat-Bullish,0.242762
591,01/19/2024,TSMC says its $40 billion chip project in Arizona faces a further delay | Business,Neutral,0.110589
592,01/19/2024,TSMC says its $40 billion chip project in Arizona faces a further delay | Business,Neutral,0.110589
593,01/19/2024,TSMC says its $40 billion chip project in Arizona faces a further delay | Business,Neutral,0.110589
594,01/19/2024,"Investor Sentiment Increases Following Economic Reports; Dow Jumps Over 200 Points - Apple  ( NASDAQ:AAPL ) , M.D.C. Holdings  ( NYSE:MDC ) ",Neutral,-0.117541
595,01/19/2024,Masimo CEO 'Wholeheartedly' Feels Apple Watch Users Are Better Off Without Blood Oxygen Monitoring Feature - Masimo  ( NASDAQ:MASI ) ,Neutral,-0.042881
596,01/19/2024,"Stocks 'Remain Pricey,' Says Top Economist Steve Hanke: 'Multiples Will Come Off As The Recession Starts To Bite' - Amazon.com  ( NASDAQ:AMZN ) ",Somewhat-Bearish,-0.152888
597,01/19/2024,"Amazon's 'Remarkable Alexa' Plans Hit Roadblocks Amid Internal Disputes And Technical Glitches: Report - Apple  ( NASDAQ:AAPL ) , Amazon.com  ( NASDAQ:AMZN ) ",Neutral,0.038699
598,01/19/2024,"Apple Envisions Future Where Vision Pro Will Be Used To Train Surgeons, Conduct Aircraft Repair And Educate Students: Report - Apple  ( NASDAQ:AAPL ) ",Somewhat-Bullish,0.339784
599,01/19/2024,Meta says its AI tools boost ad campaigns' returns by 32%,Somewhat-Bullish,0.193298
600,01/19/2024,"Netflix Says No To Apple Vision Pro App, Now YouTube, Spotify Aren't Launching One Either: Report - Alphabet  ( NASDAQ:GOOG ) , Apple  ( NASDAQ:AAPL ) ",Somewhat-Bullish,0.278143
601,01/18/2024,Market Shrugs Off Fed Warning As These Two Titans Jump,Neutral,0.098155
602,01/18/2024,Stock Market Today: Nasdaq Outperforms as Chip Stocks Pop,Neutral,0.104061
603,01/18/2024,World's Most Valuable Company: Apple and Microsoft Battle for Top Spot,Somewhat-Bullish,0.197272
604,01/18/2024,Dow Jones Gains As Fed Official Says This On Rate Cuts; 3 Bill Ackman Stocks Eye Entries,Neutral,0.12797
605,01/18/2024,"It's the Trillionaires' stock market now, and the rest of us are just along for the ride",Somewhat-Bullish,0.177867
606,01/18/2024,Ads running on Meta saw return on spending increase by 32% with help of AI,Somewhat-Bullish,0.193298
607,01/18/2024,Here are the reasons why a new Wall Street upgrade of Apple is juicing the stock so much,Neutral,0.10594
608,01/18/2024,Stocks Remain at a Junction Point,Neutral,0.038678
609,01/18/2024,"Apple Analyst Turns Bullish, Predicts Strong iPhone Cycle And AI Features - Apple  ( NASDAQ:AAPL ) ",Somewhat-Bullish,0.222693
610,01/18/2024,Amphenol  ( APH )  to Report Q4 Earnings: What's in the Cards?,Neutral,0.131906
611,01/18/2024,Techs Lead Stock Market Rebound As Apple Stock Makes This Bullish Move,Neutral,0.097236
612,01/18/2024,Will Apple's Vision Pro Give Goldman Sachs A Headache? Mark Gurman Does The '$1B Loan' Math - Goldman Sachs Gr  ( NYSE:GS ) ,Somewhat-Bullish,0.322863
613,01/18/2024,Intel Gains Ground in EU Antitrust Case with Court Backing Against Billion-Euro Fine - Intel  ( NASDAQ:INTC ) ,Neutral,-0.080779
614,01/18/2024,"Apple Stock Gains A New Bull On AI, Vision Pro Prospects",Somewhat-Bullish,0.276254
615,01/18/2024,"Amazon, Apple, Meta, And Other Big Tech Companies Receive Data Requests From EU - Apple  ( NASDAQ:AAPL ) , Amazon.com  ( NASDAQ:AMZN ) ",Neutral,0.042864
616,01/18/2024,Meta's AI Magic! Ad Returns Reportedly Soar 32% With Breakthrough Technology Boost - Meta Platforms  ( NASDAQ:META ) ,Somewhat-Bullish,0.167294
617,01/18/2024,"Want To Buy Samsung Galaxy S24 For Galaxy AI Features? Here's What You Must Know Before Buying - Alphabet  ( NASDAQ:GOOG ) , Apple  ( NASDAQ:AAPL ) ",Neutral,0.091834
618,01/18/2024,Masimo  ( MASI )  Gains on Favorable Ruling in Apple Watch Dispute,Neutral,0.036772
619,01/18/2024,"Apple's stock could soar nearly 25%, BofA says, going against tide of skepticism",Neutral,0.145931
620,01/18/2024,"Apple Blends Tech And Culture With New Black Unity Band, Watch Face, Wallpaper And More - Apple  ( NASDAQ:AAPL ) ",Somewhat-Bullish,0.33993
621,01/18/2024,Tech Futures Rise On Chip Giant's Forecast,Neutral,0.016949
622,01/18/2024,Seizing India's Investment Opportunities In 2024 With Octa - Apple  ( NASDAQ:AAPL ) ,Bullish,0.463272
623,01/18/2024,Bard Unleashes The Next Era Of AI As Google Finds Its Muse,Somewhat-Bullish,0.29046
624,01/18/2024,"Apple To Rally Over 23%? Here Are 10 Top Analyst Forecasts For Thursday - Apple  ( NASDAQ:AAPL ) , Arista Networks  ( NYSE:ANET ) ",Neutral,0.105818
625,01/18/2024,Netflix  ( NFLX )  Gears Up for Q4 Earnings: What's in the Cards?,Somewhat-Bullish,0.206914
626,01/18/2024,"Deal Alert: Grab Samsung's Latest Flagship Galaxy S24 Ultra At A $990 Discount - Alphabet  ( NASDAQ:GOOG ) , Apple  ( NASDAQ:AAPL ) ",Somewhat-Bullish,0.218884
627,01/18/2024,Taiwan Semi Announces Major Global Expansion and Capital Investment Plans for 2024 After Q4 Beat - Taiwan Semiconductor  ( NYSE:TSM ) ,Neutral,0.009472
629,01/18/2024,Here's How To Get Up To $349 In Apple's iPhone 7 'Loop Disease' Class Action Lawsuit Settlement - Apple  ( NASDAQ:AAPL ) ,Neutral,-0.021266
630,01/18/2024,"Here's Everything Samsung Galaxy S24 Borrowed From Apple's iPhone And Google's Pixel - Alphabet  ( NASDAQ:GOOG ) , Apple  ( NASDAQ:AAPL ) ",Somewhat-Bullish,0.184471
631,01/18/2024,"iPhone Sales Are Faltering in China, but Vision Pro Is Coming -- Time to Buy Apple Stock?",Somewhat-Bullish,0.173844
632,01/18/2024,The 2024 Dodge Durango: The muscle SUV has macho looks and an impressive range of engines,Somewhat-Bullish,0.166811
633,01/18/2024,"The Zacks Analyst Blog Highlights Apple, Boeing, Coca-Cola, Procter & Gamble and Travelers",Somewhat-Bullish,0.326721
634,01/18/2024,Tesla Loses Most-Shorted Crown To This 'Magnificent 7' Stock As EV Giant's Skeptics Take $13B Hit In 2023 - Tesla  ( NASDAQ:TSLA ) ,Somewhat-Bullish,0.178575
635,01/18/2024,"Apple, Nvidia Supplier TSMC Records 19% Q4 Profit Drop But Exceeds Market Expectations - Apple  ( NASDAQ:AAPL ) , Diamond Lake Minerals  ( OTC:DLMI ) ",Neutral,0.134072
636,01/18/2024,"Chip maker TSMC posts 19% fall in net profit, but edges pasts forecasts",Somewhat-Bullish,0.171544
637,01/18/2024,Apple To Launch Vision Pro Outside US Before June: Top Analyst - Apple  ( NASDAQ:AAPL ) ,Somewhat-Bullish,0.329304
638,01/18/2024,"Apple Plans Ambitious iPhone Production Ramp Up In India, Targets $12B Value By 2023-24 - Apple  ( NASDAQ:AAPL ) ",Somewhat-Bullish,0.173611
639,01/18/2024,"Samsung Supercharges Flagship Smartphone With AI To Trump Apple: Galaxy S24 Can Translate Conversations On The Fly ... And More - Apple  ( NASDAQ:AAPL ) , Qualcomm  ( NASDAQ:QCOM ) ",Somewhat-Bullish,0.168117
640,01/18/2024,Apple's App Store Policy Revamp Comes Under Fire: Cupertino 'Will Stop At Nothing To Protect The Profits' - Spotify Technology  ( NYSE:SPOT ) ,Neutral,-0.062351
641,01/18/2024,Apple Watch Versions Minus Blood Oxygen Feature To Go On Sale In US As Cupertino Devises Way To Sidestep Looming Ban - Masimo  ( NASDAQ:MASI ) ,Neutral,0.009649
642,01/18/2024,"No Netflix App On Apple Vision Pro, Streaming Giant Says You Can Watch Content This Way Instead - Meta Platforms  ( NASDAQ:META ) , Apple  ( NASDAQ:AAPL ) ",Somewhat-Bullish,0.340025
643,01/18/2024,Apple has to stop selling smartwatches with blood oxygen feature in US,Somewhat-Bearish,-0.188904
644,01/17/2024,Futures: Nasdaq Holds Key Level; Watch These 17 Stocks,Neutral,0.040976
645,01/17/2024,Bob Chapek Goes From Disney To Battling Apple: Inside New Role Announced For Former Media Executive - Masimo  ( NASDAQ:MASI ) ,Neutral,0.091048
646,01/17/2024,Apple Isn't The Only Player In Spatial Computing. Rivals Populated CES 2024.,Somewhat-Bullish,0.156718
647,01/17/2024,"Courts Reinstate Ban On Apple Watches With Blood Oxygen Sensors - Apple  ( NASDAQ:AAPL ) , Masimo  ( NASDAQ:MASI ) ",Somewhat-Bearish,-0.239433
651,01/17/2024,Samsung Unveils AI-Enabled Smartphone As Apple Gears Up For Vision Pro Launch,Somewhat-Bullish,0.186204
654,01/17/2024,"Balancing Act: The Ultimate Guide To Large-Cap Growth Stocks With Low Risk - Apple  ( NASDAQ:AAPL ) , Eli Lilly  ( NYSE:LLY ) ",Somewhat-Bullish,0.202814
655,01/17/2024,Microsoft Tops Apple Ahead of Q4 Earnings: 5 ETFs to Invest,Somewhat-Bullish,0.261424
657,01/17/2024,"Unveiling The Secrets: How Warren Buffett Gained $10 Billion In 2023 - Occidental Petroleum  ( NYSE:OXY ) , Apple  ( NASDAQ:AAPL ) ",Somewhat-Bullish,0.213384
658,01/17/2024,Alphabet  ( GOOGL )  to Boost Google TV Services With New Feature,Somewhat-Bullish,0.342701
664,01/17/2024,Tim Cook Finally Takes His Foot Off The App Store Hose: External Payment Platforms Now Accessible For US Developers - Apple  ( NASDAQ:AAPL ) ,Neutral,0.03535
665,01/17/2024,How To Earn $500 A Month From Apple Stock - Apple  ( NASDAQ:AAPL ) ,Neutral,-0.016501
669,01/17/2024,"Asia And Europe Markets Dip, Crude Oil Nears $71 - Global Markets Today While US Was Sleeping - Apple  ( NASDAQ:AAPL ) , SmartETFs Asia Pacific Dividend Builder ETF  ( ARCA:ADIV ) ",Somewhat-Bearish,-0.177264
671,01/17/2024,Apple and Tesla may no longer be 'safe investments' as China's troubles grow,Neutral,-0.145855
